jp_date,us_date,n_us_sessions,nk_ret,nk_gap,nk_intraday,sp_ret,nq_ret,fx_ret,sp_same_day
2011-01-05,2011-01-04,1,-0.001668,-0.002803,0.001134,-0.000551,-0.003823,0.003909,0.005184
2011-01-06,2011-01-05,1,0.014250,0.010944,0.003307,0.005184,0.007783,0.015003,-0.001961
2011-01-07,2011-01-06,1,0.001071,-0.002830,0.003901,-0.001961,0.002842,0.000840,-0.001964
2011-01-11,2011-01-10,2,-0.002884,-0.007049,0.004164,-0.003224,-0.000772,-0.006984,0.003538
2011-01-12,2011-01-11,1,0.000202,0.004492,-0.004290,0.003538,0.003329,0.005302,0.008984
2011-01-13,2011-01-12,1,0.007294,0.008072,-0.000778,0.008984,0.007517,-0.003130,-0.001635
2011-01-14,2011-01-13,1,-0.008604,-0.002530,-0.006074,-0.001635,-0.000746,-0.001689,0.007219
2011-01-17,2011-01-14,1,0.000364,0.004842,-0.004478,0.007219,0.007289,0.001689,
2011-01-19,2011-01-18,1,0.003617,0.004365,-0.000748,0.001700,0.003822,-0.001331,-0.009854
2011-01-20,2011-01-19,1,-0.011412,-0.006376,-0.005036,-0.009854,-0.014747,-0.006680,-0.001326
2011-01-21,2011-01-20,1,-0.015720,0.002649,-0.018369,-0.001326,-0.007761,0.011149,0.002262
2011-01-24,2011-01-21,1,0.006847,0.004417,0.002430,0.002262,-0.005469,-0.004832,0.005671
2011-01-25,2011-01-24,1,0.011467,0.002403,0.009064,0.005671,0.010361,-0.001333,0.000542
2011-01-26,2011-01-25,1,-0.005992,-0.005214,-0.000778,0.000542,0.000625,-0.003279,0.003863
2011-01-27,2011-01-26,1,0.007352,0.005092,0.002260,0.003863,0.007419,0.000851,0.002465
2011-01-28,2011-01-27,1,-0.011356,-0.001304,-0.010051,0.002465,0.005744,0.007146,-0.017617
2011-01-31,2011-01-28,1,-0.011887,-0.014617,0.002731,-0.017617,-0.025135,-0.009214,0.007488
2011-02-01,2011-01-31,1,0.003567,0.003129,0.000438,0.007488,0.004897,-0.000365,0.015882
2011-02-02,2011-02-01,1,0.017641,0.008770,0.008871,0.015882,0.018752,-0.009304,-0.001914
2011-02-03,2011-02-02,1,-0.002489,-0.004539,0.002050,-0.001914,-0.000593,0.002947,0.002220
2011-02-04,2011-02-03,1,0.010695,0.010361,0.000334,0.002220,0.001570,0.000490,0.002825
2011-02-07,2011-02-04,1,0.004591,0.010048,-0.005457,0.002825,0.005584,0.007084,0.006233
2011-02-08,2011-02-07,1,0.004140,0.004048,0.000092,0.006233,0.005291,0.001702,0.004536
2011-02-09,2011-02-08,1,-0.001708,0.004130,-0.005838,0.004536,0.004680,0.000121,-0.002266
2011-02-10,2011-02-09,1,-0.001148,-0.003853,0.002705,-0.002266,-0.002857,0.000729,0.000378
2011-02-14,2011-02-11,2,0.011241,0.007454,0.003787,0.006331,0.007277,0.012665,0.002401
2011-02-15,2011-02-14,1,0.001968,-0.000330,0.002298,0.002401,0.002751,-0.001800,-0.003153
2011-02-16,2011-02-15,1,0.005717,0.001425,0.004292,-0.003153,-0.004565,0.005628,0.006296
2011-02-17,2011-02-16,1,0.002620,0.005877,-0.003258,0.006296,0.007535,-0.001195,0.002984
2011-02-18,2011-02-17,1,0.000568,-0.001814,0.002382,0.002984,0.002128,-0.003953,0.002083
2011-02-21,2011-02-18,1,0.001358,-0.003030,0.004387,0.002083,0.000837,-0.003366,
2011-02-23,2011-02-22,1,-0.008059,-0.007312,-0.000746,-0.020274,-0.027739,-0.004583,-0.006163
2011-02-24,2011-02-23,1,-0.012019,-0.003418,-0.008601,-0.006163,-0.012202,-0.002905,-0.000687
2011-02-25,2011-02-24,1,0.007059,0.001939,0.005120,-0.000687,0.005461,-0.007056,0.010636
2011-02-28,2011-02-25,1,0.009203,-0.002545,0.011749,0.010636,0.015637,-0.002934,0.006177
2011-03-01,2011-02-28,1,0.012157,0.004125,0.008032,0.006177,0.000439,0.001101,-0.016813
2011-03-02,2011-03-01,1,-0.024631,-0.013484,-0.011148,-0.016813,-0.016255,0.001467,0.002136
2011-03-03,2011-03-02,1,0.008885,0.003579,0.005306,0.002136,0.003887,0.000000,0.017078
2011-03-04,2011-03-03,1,0.010117,0.015371,-0.005255,0.017078,0.018270,0.006209,-0.007521
2011-03-07,2011-03-04,1,-0.017798,-0.007854,-0.009944,-0.007521,-0.005040,-0.001579,-0.007882
2011-03-08,2011-03-07,1,0.001918,0.001425,0.000493,-0.007882,-0.014119,-0.000608,0.008712
2011-03-09,2011-03-08,1,0.006092,0.008497,-0.002405,0.008712,0.007309,0.005459,-0.001434
2011-03-10,2011-03-09,1,-0.014757,-0.005825,-0.008932,-0.001434,-0.005093,0.000846,-0.018679
2011-03-11,2011-03-10,1,-0.017396,-0.008120,-0.009277,-0.018679,-0.018597,0.001811,0.006902
2011-03-14,2011-03-11,1,-0.063815,-0.068554,0.004740,0.006902,0.005387,-0.012017,-0.006056
2011-03-15,2011-03-14,1,-0.105758,-0.040895,-0.064863,-0.006056,-0.005406,-0.003425,-0.011523
2011-03-16,2011-03-15,1,0.049447,0.050687,-0.001240,-0.011523,-0.012533,-0.011213,-0.018686
2011-03-17,2011-03-16,1,-0.014516,-0.062472,0.047956,-0.018686,-0.019118,-0.032364,0.013148
2011-03-18,2011-03-17,1,0.026869,0.013336,0.013532,0.013148,0.007322,0.008920,-0.000704
2011-03-22,2011-03-21,2,0.042692,0.036081,0.006612,0.014675,0.021036,0.027526,-0.003475
2011-03-23,2011-03-22,1,-0.016671,-0.005774,-0.010897,-0.003475,-0.003058,-0.000864,0.002858
2011-03-24,2011-03-23,1,-0.001531,0.000162,-0.001693,0.002858,0.005362,-0.000618,0.009518
2011-03-25,2011-03-24,1,0.010661,0.014833,-0.004172,0.009518,0.014029,0.000865,0.003051
2011-03-28,2011-03-25,1,-0.006059,0.001244,-0.007302,0.003051,0.002424,0.004067,-0.002440
2011-03-29,2011-03-28,1,-0.002054,-0.015794,0.013740,-0.002440,-0.004523,0.004785,0.006696
2011-03-30,2011-03-29,1,0.026057,0.004106,0.021950,0.006696,0.009553,0.009381,0.006878
2011-03-31,2011-03-30,1,0.004759,0.005261,-0.000502,0.006878,0.007192,0.004839,-0.001357
2011-04-01,2011-03-31,1,-0.004800,-0.000523,-0.004277,-0.001357,0.001540,0.003373,0.004215
2011-04-04,2011-04-01,1,0.001081,0.005814,-0.004733,0.004215,0.003062,0.010647,0.000826
2011-04-05,2011-04-04,1,-0.010690,0.000628,-0.011318,0.000826,-0.000147,-0.000238,-0.000150
2011-04-06,2011-04-05,1,-0.003248,0.006060,-0.009308,-0.000150,0.000717,0.010301,0.003147
2011-04-07,2011-04-06,1,0.000684,0.007756,-0.007072,0.003147,0.003087,0.006692,-0.002547
2011-04-08,2011-04-07,1,0.018302,-0.003858,0.022160,-0.002547,-0.001315,-0.005986,-0.003456
2011-04-11,2011-04-08,1,-0.004965,-0.005758,0.000793,-0.003456,-0.005641,-0.002947,-0.003015
2011-04-12,2011-04-11,1,-0.017063,-0.013538,-0.003525,-0.003015,-0.003206,-0.001300,-0.007502
2011-04-13,2011-04-12,1,0.008952,-0.003592,0.012544,-0.007502,-0.009688,-0.011533,-0.000076
2011-04-14,2011-04-13,1,0.001321,-0.006784,0.008104,-0.000076,0.006077,0.003104,0.000760
2011-04-15,2011-04-14,1,-0.006485,-0.002066,-0.004419,0.000760,-0.000471,-0.004541,0.003642
2011-04-18,2011-04-15,1,-0.003642,-0.000576,-0.003066,0.003642,0.001604,-0.004682,-0.011272
2011-04-19,2011-04-18,1,-0.012172,-0.012175,0.000003,-0.011272,-0.010644,-0.005550,0.005728
2011-04-20,2011-04-19,1,0.017408,0.011057,0.006351,0.005728,0.003500,-0.001090,0.013540
2011-04-21,2011-04-20,1,0.008185,0.008724,-0.000540,0.013540,0.020745,-0.001212,0.005096
2011-04-22,2011-04-21,1,-0.000368,-0.006190,0.005822,0.005096,0.006278,-0.007547,
2011-04-26,2011-04-25,1,-0.011780,-0.005283,-0.006498,-0.001047,0.002026,0.000000,0.008568
2011-04-27,2011-04-26,1,0.013834,0.008055,0.005778,0.008568,0.007636,-0.004041,0.006507
2011-04-28,2011-04-27,1,0.016161,0.005059,0.011101,0.006507,0.007815,0.008674,0.003238
2011-05-02,2011-04-29,2,0.015560,0.011734,0.003826,0.005586,0.001275,-0.012239,-0.001540
2011-05-06,2011-05-05,4,-0.014600,-0.022563,0.007963,-0.020886,-0.020682,-0.013388,0.004406
2011-05-09,2011-05-06,1,-0.006596,0.002209,-0.008805,0.004406,0.004551,0.006096,0.003867
2011-05-10,2011-05-09,1,0.002486,0.001695,0.000791,0.003867,0.005534,-0.004600,0.008500
2011-05-11,2011-05-10,1,0.004623,0.010359,-0.005736,0.008500,0.010023,0.007078,-0.010580
2011-05-12,2011-05-11,1,-0.015077,-0.010011,-0.005066,-0.010580,-0.009386,0.002965,0.004749
2011-05-13,2011-05-12,1,-0.007010,0.003529,-0.010539,0.004749,0.006300,-0.001605,-0.007729
2011-05-16,2011-05-13,1,-0.009421,-0.007048,-0.002372,-0.007729,-0.012148,-0.001855,-0.006362
2011-05-17,2011-05-16,1,0.000912,-0.005487,0.006399,-0.006362,-0.016454,-0.000124,-0.000150
2011-05-18,2011-05-17,1,0.009887,0.003545,0.006342,-0.000150,0.000323,0.008015,0.008896
2011-05-19,2011-05-18,1,-0.004279,0.005050,-0.009330,0.008896,0.011357,0.004045,0.002379
2011-05-20,2011-05-19,1,-0.001429,-0.000501,-0.000928,0.002379,0.002948,-0.001837,-0.007976
2011-05-23,2011-05-20,1,-0.015361,-0.006902,-0.008459,-0.007976,-0.007106,0.001102,-0.011669
2011-05-24,2011-05-23,1,0.001747,-0.005260,0.007007,-0.011669,-0.015972,0.002934,-0.000833
2011-05-25,2011-05-24,1,-0.005745,0.000931,-0.006676,-0.000833,-0.004628,-0.000366,0.003329
2011-05-26,2011-05-25,1,0.014661,0.007730,0.006931,0.003329,0.005527,0.001098,0.004597
2011-05-27,2011-05-26,1,-0.004204,-0.005353,0.001150,0.004597,0.007770,-0.007959,0.003827
2011-05-30,2011-05-27,1,-0.001784,-0.004309,0.002525,0.003827,0.004997,-0.007032,
2011-06-01,2011-05-31,1,0.002666,0.001265,0.001401,0.010357,0.013650,0.007140,-0.022717
2011-06-02,2011-06-01,1,-0.017077,-0.020121,0.003044,-0.022717,-0.023593,-0.007635,-0.001062
2011-06-03,2011-06-02,1,-0.006597,-0.000423,-0.006174,-0.001062,0.001487,-0.000124,-0.009994
2011-06-06,2011-06-03,1,-0.011854,-0.003293,-0.008561,-0.009994,-0.014722,-0.007819,-0.010638
2011-06-07,2011-06-06,1,0.006651,-0.000997,0.007649,-0.010638,-0.011120,-0.001996,-0.000620
2011-06-08,2011-06-07,1,0.000689,-0.002327,0.003016,-0.000620,-0.000370,-0.000500,-0.004196
2011-06-09,2011-06-08,1,0.001870,-0.003547,0.005418,-0.004196,-0.009738,-0.001625,0.007602
2011-06-10,2011-06-09,1,0.004983,0.006512,-0.001529,0.007602,0.003541,0.004494,-0.014008
2011-06-13,2011-06-10,1,-0.006985,-0.011676,0.004690,-0.014008,-0.015442,0.000249,0.000783
2011-06-14,2011-06-13,1,0.010484,-0.000763,0.011248,0.000783,-0.001529,-0.001246,0.012606
2011-06-15,2011-06-14,1,0.002775,0.003994,-0.001219,0.012606,0.014678,0.002615,-0.017945
2011-06-16,2011-06-15,1,-0.017176,-0.009795,-0.007381,-0.017945,-0.017800,0.007557,0.002202
2011-06-17,2011-06-16,1,-0.006383,0.003577,-0.009959,0.002202,-0.002953,-0.005321,-0.001966
2011-06-20,2011-06-17,1,0.000312,0.003267,-0.002955,-0.001966,-0.002756,-0.006972,0.005103
2011-06-21,2011-06-20,1,0.011198,0.006147,0.005051,0.005103,0.005025,0.002745,0.013611
2011-06-22,2011-06-21,1,0.017788,0.008247,0.009540,0.013611,0.021668,0.000000,-0.006044
2011-06-23,2011-06-22,1,-0.003401,-0.007446,0.004045,-0.006044,-0.006747,0.000374,-0.002880
2011-06-24,2011-06-23,1,0.008505,0.002733,0.005773,-0.002880,0.006557,0.002985,-0.011681
2011-06-27,2011-06-24,1,-0.010427,-0.005773,-0.004655,-0.011681,-0.012683,-0.001491,0.008872
2011-06-28,2011-06-27,1,0.007351,0.009631,-0.002280,0.008872,0.013252,0.005828,0.012969
2011-06-29,2011-06-28,1,0.015251,0.013283,0.001968,0.012969,0.015147,0.002716,0.008528
2011-06-30,2011-06-29,1,0.001920,0.005673,-0.003753,0.008528,0.004088,-0.004449,0.009517
2011-07-01,2011-06-30,1,0.005281,0.006793,-0.001512,0.009517,0.011981,-0.002729,0.014668
2011-07-04,2011-07-01,1,0.009784,0.012080,-0.002296,0.014668,0.015211,0.003843,
2011-07-06,2011-07-05,1,0.010972,0.002058,0.008914,-0.000822,0.003453,0.003831,0.001195
2011-07-07,2011-07-06,1,-0.001125,-0.003426,0.002300,0.001195,0.002915,-0.001852,0.010322
2011-07-08,2011-07-07,1,0.006590,0.010555,-0.003964,0.010322,0.013542,0.003701,-0.007118
2011-07-11,2011-07-08,1,-0.006750,-0.007399,0.000649,-0.007118,-0.004483,-0.007415,-0.018246
2011-07-12,2011-07-11,1,-0.014365,-0.013148,-0.001216,-0.018246,-0.020200,-0.005099,-0.004329
2011-07-13,2011-07-12,1,0.003743,-0.003322,0.007065,-0.004329,-0.007417,-0.018624,0.003343
2011-07-14,2011-07-13,1,-0.002716,-0.003533,0.000818,0.003343,0.005381,0.003424,-0.006926
2011-07-15,2011-07-14,1,0.003852,-0.000818,0.004670,-0.006926,-0.012321,0.001897,0.005788
2011-07-19,2011-07-18,2,-0.008533,-0.004368,-0.004165,-0.002447,0.000883,-0.001391,0.016101
2011-07-20,2011-07-19,1,0.011679,0.012888,-0.001209,0.016101,0.021966,0.000759,-0.000603
2011-07-21,2011-07-20,1,0.000449,0.002206,-0.001758,-0.000603,-0.004358,-0.003927,0.013776
2011-07-22,2011-07-21,1,0.012086,0.010495,0.001591,0.013776,0.007152,-0.004707,0.000669
2011-07-25,2011-07-22,1,-0.008136,-0.004859,-0.003277,0.000669,0.008572,0.001274,-0.005588
2011-07-26,2011-07-25,1,0.004736,0.002781,0.001955,-0.005588,-0.005623,-0.003061,-0.003743
2011-07-27,2011-07-26,1,-0.005017,-0.004638,-0.000379,-0.003743,-0.001000,-0.004866,-0.020688
2011-07-28,2011-07-27,1,-0.014622,-0.012135,-0.002486,-0.020688,-0.026825,0.000898,-0.002914
2011-07-29,2011-07-28,1,-0.006924,-0.003577,-0.003347,-0.002914,0.000528,-0.002826,-0.006858
2011-08-01,2011-07-29,1,0.013333,0.008907,0.004426,-0.006858,-0.003574,-0.013206,-0.004262
2011-08-02,2011-08-01,1,-0.012158,-0.009985,-0.002172,-0.004262,-0.004279,0.006625,-0.025879
2011-08-03,2011-08-02,1,-0.021298,-0.017790,-0.003507,-0.025879,-0.027845,-0.002333,0.005404
2011-08-04,2011-08-03,1,0.002284,0.004541,-0.002256,0.005404,0.008888,-0.000260,-0.047974
2011-08-05,2011-08-04,1,-0.037907,-0.039832,0.001924,-0.047974,-0.052086,0.025882,-0.001498
2011-08-08,2011-08-05,1,-0.021995,-0.015483,-0.006512,-0.001498,-0.009425,-0.008638,-0.067341
2011-08-09,2011-08-08,1,-0.016970,-0.037582,0.020612,-0.067341,-0.071489,-0.008328,0.045451
2011-08-10,2011-08-09,1,0.010483,0.024028,-0.013545,0.045451,0.051592,-0.008397,-0.045183
2011-08-11,2011-08-10,1,-0.006304,-0.023138,0.016834,-0.045183,-0.041733,-0.002338,0.043906
2011-08-12,2011-08-11,1,-0.002031,0.011079,-0.013109,0.043906,0.045817,-0.000911,0.006711
2011-08-15,2011-08-12,1,0.013595,0.013109,0.000485,0.006711,0.006119,-0.002085,0.020944
2011-08-16,2011-08-15,1,0.002311,0.005005,-0.002694,0.020944,0.018653,0.002085,-0.008576
2011-08-17,2011-08-16,1,-0.005524,-0.007763,0.002239,-0.008576,-0.012503,-0.000521,0.000669
2011-08-18,2011-08-17,1,-0.012611,-0.002682,-0.009928,0.000669,-0.004755,-0.002608,-0.044076
2011-08-19,2011-08-18,1,-0.025424,-0.024764,-0.000660,-0.044076,-0.053591,-0.000261,-0.016465
2011-08-22,2011-08-19,1,-0.010504,-0.003935,-0.006570,-0.016465,-0.016344,-0.000653,0.000799
2011-08-23,2011-08-22,1,0.012082,0.007145,0.004937,0.000799,0.001510,0.004173,0.032381
2011-08-24,2011-08-23,1,-0.010753,0.007642,-0.018394,0.032381,0.042031,-0.002215,0.013986
2011-08-25,2011-08-24,1,0.015248,0.013268,0.001981,0.013986,0.008804,0.003385,-0.015361
2011-08-26,2011-08-25,1,0.002894,-0.003124,0.006017,-0.015361,-0.019668,0.006866,0.014429
2011-08-29,2011-08-26,1,0.006071,-0.000202,0.006273,0.014429,0.024583,-0.011165,0.028331
2011-08-30,2011-08-29,1,0.011519,0.011977,-0.000458,0.028331,0.032633,0.002998,0.002633
2011-08-31,2011-08-30,1,0.000145,-0.002225,0.002370,0.002633,0.005449,-0.001954,0.004428
2011-09-01,2011-08-31,1,0.011723,0.005990,0.005733,0.004428,0.001300,-0.001174,-0.010528
2011-09-02,2011-09-01,1,-0.012221,-0.009069,-0.003152,-0.010528,-0.013041,0.004039,-0.025882
2011-09-05,2011-09-02,1,-0.018752,-0.013581,-0.005171,-0.025882,-0.026148,-0.001692,
2011-09-07,2011-09-06,1,0.019920,0.016673,0.003247,-0.007324,-0.002624,0.009063,0.027817
2011-09-08,2011-09-07,1,0.003384,0.010962,-0.007577,0.027817,0.029910,-0.004910,-0.010446
2011-09-09,2011-09-08,1,-0.006327,-0.002861,-0.003466,-0.010446,-0.007798,0.003749,-0.026559
2011-09-12,2011-09-09,1,-0.023389,-0.024288,0.000899,-0.026559,-0.024475,0.000645,0.006449
2011-09-13,2011-09-12,1,0.009431,0.005530,0.003901,0.006449,0.010921,-0.004523,0.009129
2011-09-14,2011-09-13,1,-0.011436,0.000748,-0.012185,0.009129,0.014744,-0.003634,0.013749
2011-09-15,2011-09-14,1,0.017489,0.017390,0.000099,0.013749,0.015829,-0.003516,0.017110
2011-09-16,2011-09-15,1,0.022279,0.015355,0.006924,0.017110,0.013329,0.000913,0.000741
2011-09-20,2011-09-19,2,-0.016255,-0.013191,-0.003064,-0.009266,0.002207,-0.001957,-0.001164
2011-09-21,2011-09-20,1,0.002281,-0.000028,0.002309,-0.001164,-0.008683,-0.002354,-0.029901
2011-09-22,2011-09-21,1,-0.020912,-0.011291,-0.009621,-0.029901,-0.020299,0.000523,-0.032858
2011-09-26,2011-09-23,2,-0.021983,-0.001478,-0.020506,-0.026851,-0.021891,0.001961,0.023502
2011-09-27,2011-09-26,1,0.027771,0.014487,0.013284,0.023502,0.013384,-0.003139,0.011122
2011-09-28,2011-09-27,1,0.000662,-0.000236,0.000898,0.011122,0.011905,0.005877,-0.020630
2011-09-29,2011-09-28,1,0.009884,-0.010268,0.020152,-0.020630,-0.021932,-0.003261,0.007872
2011-09-30,2011-09-29,1,-0.000108,0.001456,-0.001564,0.007872,-0.004352,0.003652,-0.025307
2011-10-03,2011-09-30,1,-0.017954,-0.015324,-0.002630,-0.025307,-0.026700,0.002860,-0.028871
2011-10-04,2011-10-03,1,-0.010512,-0.014034,0.003522,-0.028871,-0.033498,-0.006381,0.021686
2011-10-05,2011-10-04,1,-0.008687,0.004167,-0.012854,0.021686,0.029108,0.003651,0.018346
2011-10-06,2011-10-05,1,0.016450,0.009598,0.006852,0.018346,0.022894,-0.000912,0.017930
2011-10-07,2011-10-06,1,0.009762,0.008320,0.001442,0.017930,0.018646,-0.001043,-0.006718
2011-10-11,2011-10-10,2,0.019341,0.014755,0.004586,0.026180,0.023353,-0.000261,0.001003
2011-10-12,2011-10-11,1,-0.003972,-0.006175,0.002203,0.001003,0.006595,-0.000130,0.008734
2011-10-13,2011-10-12,1,0.009606,0.010689,-0.001083,0.008734,0.008366,0.007668,-0.001990
2011-10-14,2011-10-13,1,-0.008570,-0.004582,-0.003987,-0.001990,0.005937,-0.005192,0.016950
2011-10-17,2011-10-14,1,0.014936,0.015143,-0.000207,0.016950,0.018007,0.004674,-0.019276
2011-10-18,2011-10-17,1,-0.015628,-0.013704,-0.001923,-0.019276,-0.020039,-0.005325,0.019357
2011-10-19,2011-10-18,1,0.003498,0.007560,-0.004062,0.019357,0.016126,0.000260,-0.011900
2011-10-20,2011-10-19,1,-0.010357,-0.004449,-0.005908,-0.011900,-0.020295,-0.000130,0.004366
2011-10-21,2011-10-20,1,-0.000376,-0.000358,-0.000017,0.004366,-0.002084,0.000781,0.018809
2011-10-24,2011-10-21,1,0.018843,0.009864,0.008980,0.018809,0.014836,-0.007837,0.012186
2011-10-25,2011-10-24,1,-0.009277,0.002535,-0.011813,0.012186,0.023228,-0.002363,-0.019635
2011-10-26,2011-10-25,1,-0.001581,-0.010147,0.008566,-0.019635,-0.022864,-0.000131,0.010107
2011-10-27,2011-10-26,1,0.020150,0.003529,0.016621,0.010107,0.004632,0.001445,0.034242
2011-10-28,2011-10-27,1,0.013788,0.014734,-0.000946,0.034242,0.032645,-0.003024,-0.000233
2011-10-31,2011-10-28,1,-0.006883,-0.004351,-0.002532,-0.000233,-0.000541,-0.002109,-0.024401
2011-11-01,2011-10-31,1,-0.017154,-0.012048,-0.005106,-0.024401,-0.019456,0.031303,-0.028285
2011-11-02,2011-11-01,1,-0.022329,-0.013170,-0.009159,-0.028285,-0.029276,0.001533,0.016180
2011-11-04,2011-11-03,2,0.018460,0.013890,0.004570,0.034243,0.034315,-0.003325,-0.006118
2011-11-07,2011-11-04,1,-0.003906,-0.003366,-0.000539,-0.006118,-0.004391,0.002175,0.006197
2011-11-08,2011-11-07,1,-0.012809,-0.002596,-0.010213,0.006197,0.003382,-0.002304,0.012749
2011-11-09,2011-11-08,1,0.011479,0.007951,0.003529,0.012749,0.011891,-0.004881,-0.037608
2011-11-10,2011-11-09,1,-0.029515,-0.018229,-0.011286,-0.037608,-0.039578,0.001801,0.009375
2011-11-11,2011-11-10,1,0.001607,0.005294,-0.003687,0.009375,0.001334,-0.001801,0.018647
2011-11-14,2011-11-11,1,0.010425,0.013626,-0.003200,0.018647,0.020212,-0.007236,-0.009519
2011-11-15,2011-11-14,1,-0.007205,-0.006613,-0.000592,-0.009519,-0.008070,0.000130,0.004930
2011-11-16,2011-11-15,1,-0.009264,0.000564,-0.009828,0.004930,0.010847,-0.000649,-0.015990
2011-11-17,2011-11-16,1,0.001944,-0.004890,0.006834,-0.015990,-0.017496,-0.000130,-0.016004
2011-11-18,2011-11-17,1,-0.012426,-0.012516,0.000090,-0.016004,-0.019750,-0.001169,-0.001065
2011-11-21,2011-11-18,1,-0.003186,-0.003093,-0.000093,-0.001065,-0.006003,-0.000780,-0.019203
2011-11-22,2011-11-21,1,-0.004024,-0.010163,0.006138,-0.019203,-0.019374,0.000260,-0.003936
2011-11-24,2011-11-23,2,-0.018151,-0.015187,-0.002964,-0.026248,-0.025310,0.004927,
2011-11-28,2011-11-25,1,0.015502,0.013378,0.002124,-0.001889,-0.007577,0.008527,0.028555
2011-11-29,2011-11-28,1,0.022706,0.010027,0.012679,0.028555,0.034551,0.002698,0.002836
2011-11-30,2011-11-29,1,-0.005110,-0.008314,0.003204,0.002836,-0.004692,-0.001155,0.040325
2011-12-01,2011-11-30,1,0.019114,0.017230,0.001884,0.040325,0.040829,-0.004506,-0.000160
2011-12-02,2011-12-01,1,0.005379,0.000680,0.004699,-0.000160,0.002234,0.003092,-0.000881
2011-12-05,2011-12-02,1,0.006024,0.006231,-0.000207,-0.000881,0.000278,0.003339,0.010833
2011-12-06,2011-12-05,1,-0.013991,-0.005883,-0.008108,0.010833,0.010915,-0.003596,0.000317
2011-12-07,2011-12-06,1,0.016998,0.006281,0.010717,0.000317,-0.002337,-0.000129,0.003716
2011-12-08,2011-12-07,1,-0.006625,-0.006651,0.000027,0.003716,-0.000132,-0.000644,-0.022181
2011-12-09,2011-12-08,1,-0.014897,-0.016671,0.001774,-0.022181,-0.020143,0.000257,0.016800
2011-12-12,2011-12-09,1,0.013654,0.013557,0.000097,0.016800,0.019252,-0.002062,-0.014705
2011-12-13,2011-12-12,1,-0.011741,-0.013765,0.002024,-0.014705,-0.013155,0.004762,-0.009383
2011-12-14,2011-12-13,1,-0.003946,-0.004575,0.000629,-0.009383,-0.012709,0.001155,-0.010703
2011-12-15,2011-12-14,1,-0.016780,-0.008260,-0.008520,-0.010703,-0.015614,0.000385,0.003608
2011-12-16,2011-12-15,1,0.002902,0.004626,-0.001723,0.003608,0.000669,-0.001411,-0.004841
2011-12-19,2011-12-16,1,-0.012649,-0.004573,-0.008076,-0.004841,0.005620,-0.001670,-0.010749
2011-12-20,2011-12-19,1,0.004853,0.002638,0.002216,-0.010749,-0.012677,0.003466,0.029811
2011-12-21,2011-12-20,1,0.014706,0.012666,0.002040,0.029811,0.031441,-0.002566,0.001935
2011-12-22,2011-12-21,1,-0.007691,-0.003605,-0.004087,0.001935,-0.009943,0.003079,0.008820
2011-12-26,2011-12-23,2,0.009977,0.012935,-0.002958,0.017721,0.015653,-0.000384,
2011-12-28,2011-12-27,1,-0.002009,-0.001716,-0.000293,0.000791,0.002502,-0.001412,-0.013210
2011-12-29,2011-12-28,1,-0.002940,-0.006659,0.003719,-0.013210,-0.013507,0.000899,0.010281
2011-12-30,2011-12-29,1,0.006700,0.004278,0.002422,0.010281,0.009132,-0.003729,-0.004928
2012-01-04,2012-01-03,2,0.012314,0.011078,0.001236,0.010883,0.013294,-0.012967,0.001567
2012-01-05,2012-01-04,1,-0.008376,-0.005206,-0.003170,0.001567,-0.000136,0.000652,0.002659
2012-01-06,2012-01-05,1,-0.011655,0.000032,-0.011687,0.002659,0.008085,0.006500,-0.002581
2012-01-10,2012-01-09,2,0.003796,0.003883,-0.000087,-0.000156,0.002506,-0.004416,0.008633
2012-01-11,2012-01-10,1,0.003037,0.002218,0.000819,0.008633,0.009645,0.000000,0.000542
2012-01-12,2012-01-11,1,-0.007401,-0.002938,-0.004463,0.000542,0.003052,0.001041,0.002396
2012-01-13,2012-01-12,1,0.013554,0.010146,0.003408,0.002396,0.005129,-0.001952,-0.005187
2012-01-16,2012-01-13,1,-0.014416,-0.010672,-0.003744,-0.005187,-0.005162,0.002212,
2012-01-18,2012-01-17,1,0.009894,-0.000958,0.010852,0.003873,0.006402,0.000391,0.010996
2012-01-19,2012-01-18,1,0.010366,0.005377,0.004989,0.010996,0.015145,-0.000391,0.005263
2012-01-20,2012-01-19,1,0.014556,0.012823,0.001733,0.005263,0.006700,0.004159,0.003720
2012-01-23,2012-01-20,1,-0.000052,-0.001421,0.001369,0.003720,-0.000585,-0.001947,-0.002580
2012-01-24,2012-01-23,1,0.002214,0.005626,-0.003412,-0.002580,-0.000908,0.000130,-0.001140
2012-01-25,2012-01-24,1,0.011134,0.006431,0.004703,-0.001140,0.000887,0.009440,0.008333
2012-01-26,2012-01-25,1,-0.003859,0.000765,-0.004625,0.008333,0.011301,0.000515,-0.005143
2012-01-27,2012-01-26,1,-0.000933,0.000175,-0.001108,-0.005143,-0.004634,-0.003866,-0.000455
2012-01-30,2012-01-27,1,-0.005463,-0.004243,-0.001221,-0.000455,0.004009,-0.009993,-0.003420
2012-01-31,2012-01-30,1,0.001075,-0.001321,0.002397,-0.003420,-0.001638,-0.004969,-0.000381
2012-02-01,2012-01-31,1,0.000827,-0.001529,0.002356,-0.000381,0.000675,-0.001312,0.008719
2012-02-02,2012-02-01,1,0.007580,0.006279,0.001301,0.008719,0.012162,0.000131,0.001584
2012-02-03,2012-02-02,1,-0.005070,-0.003120,-0.001950,0.001584,0.003998,-0.000263,0.013921
2012-02-06,2012-02-03,1,0.010953,0.012161,-0.001208,0.013921,0.015951,0.004976,-0.000669
2012-02-07,2012-02-06,1,-0.001309,-0.002808,0.001499,-0.000669,-0.001264,0.000000,0.002526
2012-02-08,2012-02-07,1,0.010937,0.006077,0.004860,0.002526,0.000720,0.002869,0.002963
2012-02-09,2012-02-08,1,-0.001482,-0.002161,0.000679,0.002963,0.004048,0.003381,0.001257
2012-02-10,2012-02-09,1,-0.006136,0.000920,-0.007057,0.001257,0.003892,0.008402,-0.007415
2012-02-13,2012-02-10,1,0.005796,0.000766,0.005030,-0.007415,-0.008009,-0.000515,0.007415
2012-02-14,2012-02-13,1,0.005860,-0.002276,0.008136,0.007415,0.009429,-0.001031,-0.001257
2012-02-15,2012-02-14,1,0.022747,0.006252,0.016495,-0.001257,0.000150,0.011663,-0.004671
2012-02-16,2012-02-15,1,-0.002405,-0.003024,0.000619,-0.004671,-0.005472,-0.001913,0.011012
2012-02-17,2012-02-16,1,0.015688,0.014296,0.001392,0.011012,0.014984,0.006617,0.002643
2012-02-20,2012-02-17,1,0.010697,0.015843,-0.005146,0.002643,-0.002730,0.007958,
2012-02-22,2012-02-21,1,0.009568,-0.000347,0.009915,0.000440,-0.001088,0.000879,-0.003229
2012-02-23,2012-02-22,1,0.004342,-0.000443,0.004784,-0.003229,-0.005237,0.007126,0.004401
2012-02-24,2012-02-23,1,0.005385,-0.000075,0.005460,0.004401,0.008085,-0.004370,0.002193
2012-02-27,2012-02-24,1,-0.001395,0.008137,-0.009532,0.002193,0.002287,0.013053,0.001678
2012-02-28,2012-02-27,1,0.009154,-0.006959,0.016113,0.001678,0.000813,-0.005325,0.002912
2012-02-29,2012-02-28,1,0.000074,0.005037,-0.004963,0.002912,0.006921,-0.001367,-0.003933
2012-03-01,2012-02-29,1,-0.001634,0.004935,-0.006568,-0.003933,-0.006675,0.009774,0.005168
2012-03-02,2012-03-01,1,0.007150,0.009196,-0.002046,0.005168,0.007415,-0.001849,-0.003054
2012-03-05,2012-03-02,1,-0.008055,-0.002053,-0.006002,-0.003054,-0.004285,0.008842,-0.004087
2012-03-06,2012-03-05,1,-0.006305,0.000621,-0.006926,-0.004087,-0.008676,-0.004411,-0.014733
2012-03-07,2012-03-06,1,-0.006409,-0.013426,0.007017,-0.014733,-0.013705,-0.007024,0.006952
2012-03-08,2012-03-07,1,0.019944,0.010273,0.009671,0.006952,0.008679,0.003703,0.009900
2012-03-09,2012-03-08,1,0.016324,0.014442,0.001882,0.009900,0.011761,0.005284,0.003860
2012-03-12,2012-03-09,1,-0.004024,0.008642,-0.012666,0.003860,0.006015,0.010121,0.000073
2012-03-13,2012-03-12,1,0.000932,0.003169,-0.002237,0.000073,-0.001567,-0.001943,0.017865
2012-03-14,2012-03-13,1,0.015183,0.016535,-0.001352,0.017865,0.018667,0.007267,-0.001071
2012-03-15,2012-03-14,1,0.007213,0.006435,0.000779,-0.001071,0.000280,0.009369,0.005773
2012-03-16,2012-03-15,1,0.000647,-0.001256,0.001903,0.005773,0.005130,-0.001675,-0.002989
2012-03-19,2012-03-16,1,0.001200,0.002073,-0.000873,-0.002989,-0.000363,-0.001078,0.003913
2012-03-21,2012-03-20,2,-0.005487,-0.004063,-0.001425,0.000997,0.006164,0.003590,-0.001639
2012-03-22,2012-03-21,1,0.004016,-0.003111,0.007127,-0.001639,0.000381,-0.004070,-0.007230
2012-03-23,2012-03-22,1,-0.011482,-0.011142,-0.000340,-0.007230,-0.003910,-0.010127,0.003228
2012-03-26,2012-03-23,1,0.000676,0.002856,-0.002180,0.003228,0.001501,-0.002669,0.013938
2012-03-27,2012-03-26,1,0.023373,0.013352,0.010021,0.013938,0.017657,0.006298,-0.003112
2012-03-28,2012-03-27,1,-0.007103,-0.009961,0.002858,-0.003112,-0.000711,0.004337,-0.004971
2012-03-29,2012-03-28,1,-0.006679,-0.004704,-0.001974,-0.004971,-0.004944,-0.004095,-0.001710
2012-03-30,2012-03-29,1,-0.003092,-0.002543,-0.000549,-0.001710,-0.003097,-0.005446,0.004128
2012-04-02,2012-03-30,1,0.002606,0.007721,-0.005116,0.004128,-0.001225,0.004722,0.007288
2012-04-03,2012-04-02,1,-0.005901,-0.002740,-0.003161,0.007288,0.009058,-0.008735,-0.004098
2012-04-04,2012-04-03,1,-0.023191,-0.000449,-0.022742,-0.004098,-0.001967,0.009218,-0.009960
2012-04-05,2012-04-04,1,-0.005348,-0.008436,0.003087,-0.009960,-0.014715,-0.004720,-0.000501
2012-04-06,2012-04-05,1,-0.008137,-0.005890,-0.002248,-0.000501,0.004037,-0.001821,
2012-04-10,2012-04-09,1,-0.000864,0.003879,-0.004742,-0.011295,-0.010908,-0.001226,-0.016927
2012-04-11,2012-04-10,1,-0.008347,-0.014725,0.006378,-0.016927,-0.018502,-0.010606,0.008062
2012-04-12,2012-04-11,1,0.006959,0.002898,0.004061,0.008062,0.008403,0.002476,0.012981
2012-04-13,2012-04-12,1,0.011815,0.009238,0.002576,0.012981,0.012876,0.000247,-0.011960
2012-04-16,2012-04-13,1,-0.017516,-0.012034,-0.005482,-0.011960,-0.014578,0.000124,-0.000656
2012-04-17,2012-04-16,1,-0.000626,0.000582,-0.001208,-0.000656,-0.007644,-0.006200,0.014703
2012-04-18,2012-04-17,1,0.021175,0.013599,0.007576,0.014703,0.018047,0.005706,-0.003385
2012-04-19,2012-04-18,1,-0.008193,-0.009205,0.001012,-0.003385,-0.003744,0.005304,-0.006442
2012-04-20,2012-04-19,1,-0.002822,-0.001397,-0.001425,-0.006442,-0.007912,0.003807,0.001669
2012-04-23,2012-04-20,1,-0.002009,0.003950,-0.005959,0.001669,-0.002367,-0.000613,-0.008444
2012-04-24,2012-04-23,1,-0.007799,-0.008006,0.000207,-0.008444,-0.010049,-0.004548,0.003794
2012-04-25,2012-04-24,1,0.009771,0.011591,-0.001819,0.003794,-0.002984,0.002215,0.013599
2012-04-26,2012-04-25,1,0.000086,0.005440,-0.005354,0.013599,0.022711,-0.001107,0.006945
2012-04-27,2012-04-26,1,-0.004291,0.000269,-0.004560,0.006945,0.006901,-0.003081,0.001640
2012-05-01,2012-04-30,2,-0.018010,-0.005184,-0.012826,-0.002071,-0.001394,-0.015300,0.006201
2012-05-02,2012-05-01,1,0.003128,0.005005,-0.001877,0.006201,0.001338,0.003628,-0.002989
2012-05-07,2012-05-04,3,-0.028231,-0.019602,-0.008629,-0.026933,-0.031334,-0.003127,0.000730
2012-05-08,2012-05-07,1,0.006831,0.007795,-0.000963,0.000730,0.000480,0.000877,-0.004020
2012-05-09,2012-05-08,1,-0.014988,-0.007536,-0.007452,-0.004020,-0.003892,-0.000376,-0.005950
2012-05-10,2012-05-09,1,-0.003923,-0.003522,-0.000401,-0.005950,-0.003931,-0.002884,0.002061
2012-05-11,2012-05-10,1,-0.006273,0.001082,-0.007355,0.002061,-0.000365,0.003635,-0.003019
2012-05-14,2012-05-11,1,0.002290,0.003669,-0.001379,-0.003019,0.000061,0.000000,-0.011123
2012-05-15,2012-05-14,1,-0.008179,-0.007044,-0.001135,-0.011123,-0.010705,-0.000751,-0.005758
2012-05-16,2012-05-15,1,-0.011250,-0.003935,-0.007314,-0.005758,-0.003043,0.003874,-0.003832
2012-05-17,2012-05-16,1,0.008533,-0.001330,0.009863,-0.003832,-0.006838,0.001496,-0.014942
2012-05-18,2012-05-17,1,-0.030341,-0.016929,-0.013412,-0.014942,-0.021222,-0.012029,-0.008596
2012-05-21,2012-05-18,1,0.002619,0.000767,0.001851,-0.008596,-0.012481,-0.004042,0.017042
2012-05-22,2012-05-21,1,0.010989,0.010106,0.000882,0.017042,0.024324,0.003664,0.001741
2012-05-23,2012-05-22,1,-0.019981,-0.001622,-0.018359,0.001741,-0.002860,0.008413,0.000529
2012-05-24,2012-05-23,1,0.000792,-0.002177,0.002969,0.000529,0.003881,-0.006650,0.001964
2012-05-25,2012-05-24,1,0.001984,0.006225,-0.004240,0.001964,-0.003775,0.001509,-0.003250
2012-05-28,2012-05-25,1,0.001486,0.002863,-0.001377,-0.003250,-0.000652,0.001131,
2012-05-30,2012-05-29,1,-0.002763,-0.002212,-0.000551,0.012039,0.011723,0.000503,-0.014616
2012-05-31,2012-05-30,1,-0.010533,-0.015586,0.005052,-0.014616,-0.011783,-0.005045,-0.002203
2012-06-01,2012-05-31,1,-0.012069,-0.009085,-0.002984,-0.002203,-0.003538,-0.009400,-0.025499
2012-06-04,2012-06-01,1,-0.017283,-0.019332,0.002049,-0.025499,-0.028652,-0.004605,-0.000468
2012-06-05,2012-06-04,1,0.010358,0.004257,0.006101,-0.000468,0.004550,0.004350,0.007544
2012-06-06,2012-06-05,1,0.017917,0.005516,0.012401,0.007544,0.006537,0.005348,0.022220
2012-06-07,2012-06-06,1,0.012367,0.012313,0.000054,0.022220,0.023694,0.005951,0.000606
2012-06-08,2012-06-07,1,-0.021108,-0.003471,-0.017637,0.000606,-0.004828,0.005288,0.007920
2012-06-11,2012-06-08,1,0.019392,0.017911,0.001481,0.007920,0.009632,-0.002263,-0.012779
2012-06-12,2012-06-11,1,-0.010277,-0.017087,0.006810,-0.012779,-0.017181,-0.000755,0.011425
2012-06-13,2012-06-12,1,0.005970,0.002439,0.003531,0.011425,0.011796,0.001510,-0.006415
2012-06-14,2012-06-13,1,-0.002209,-0.006594,0.004385,-0.006415,-0.008641,-0.001762,0.010545
2012-06-15,2012-06-14,1,0.000050,0.004604,-0.004554,0.010545,0.006267,0.000000,0.005007
2012-06-18,2012-06-15,1,0.017548,0.017838,-0.000290,0.005007,0.012776,-0.008730,0.001936
2012-06-19,2012-06-18,1,-0.007499,-0.003239,-0.004260,0.001936,0.007812,0.005197,0.009626
2012-06-20,2012-06-19,1,0.011080,0.009570,0.001510,0.009626,0.011821,-0.002278,-0.001623
2012-06-21,2012-06-20,1,0.008166,0.004755,0.003410,-0.001623,0.000235,0.007448,-0.022694
2012-06-22,2012-06-21,1,-0.002919,-0.010317,0.007398,-0.022694,-0.024653,0.009264,0.007672
2012-06-25,2012-06-22,1,-0.007270,0.004477,-0.011747,0.007672,0.011590,0.001867,-0.016165
2012-06-26,2012-06-25,1,-0.008119,-0.007240,-0.000879,-0.016165,-0.019642,-0.009247,0.005013
2012-06-27,2012-06-26,1,0.007646,0.001588,0.006058,0.005013,0.006292,-0.002262,0.008976
2012-06-28,2012-06-27,1,0.016317,0.009755,0.006562,0.008976,0.007421,0.002764,-0.002858
2012-06-29,2012-06-28,1,0.014840,-0.007085,0.021924,-0.002858,-0.009024,-0.003142,0.024621
2012-07-02,2012-06-29,1,-0.000366,0.010713,-0.011080,0.024621,0.029584,0.004020,0.003008
2012-07-03,2012-07-02,1,0.006985,0.001129,0.005856,0.003008,0.005498,-0.003642,0.006571
2012-07-04,2012-07-03,1,0.004136,0.005840,-0.001703,0.006571,0.008385,0.004394,
2012-07-06,2012-07-05,1,-0.006525,-0.002989,-0.003536,-0.004522,0.000013,0.000501,-0.009549
2012-07-09,2012-07-06,1,-0.013827,-0.010896,-0.002930,-0.009549,-0.013119,-0.002884,-0.001255
2012-07-10,2012-07-09,1,-0.004410,0.002823,-0.007233,-0.001255,-0.001895,-0.000879,-0.008758
2012-07-11,2012-07-10,1,-0.000760,-0.004378,0.003617,-0.008758,-0.010092,-0.002139,0.000149
2012-07-12,2012-07-11,1,-0.014910,0.000947,-0.015858,0.000149,-0.004957,0.004148,-0.004857
2012-07-13,2012-07-12,1,0.000471,-0.002142,0.002613,-0.004857,-0.007574,-0.005660,0.016639
2012-07-17,2012-07-16,2,0.003533,0.001931,0.001603,0.014279,0.010671,-0.005312,0.006844
2012-07-18,2012-07-17,1,-0.003233,0.004689,-0.007922,0.006844,0.004512,0.002280,0.007380
2012-07-19,2012-07-18,1,0.007854,0.007792,0.000063,0.007380,0.011127,-0.003295,0.002617
2012-07-20,2012-07-19,1,-0.014392,-0.001101,-0.013291,0.002617,0.007887,-0.002796,-0.009190
2012-07-23,2012-07-20,1,-0.018809,-0.010154,-0.008655,-0.009190,-0.013783,-0.001401,-0.010164
2012-07-24,2012-07-23,1,-0.002381,-0.001215,-0.001166,-0.010164,-0.012089,-0.001148,-0.008624
2012-07-25,2012-07-24,1,-0.014500,-0.009126,-0.005374,-0.008624,-0.009442,-0.002428,0.000224
2012-07-26,2012-07-25,1,0.009186,0.005046,0.004140,0.000224,-0.003061,-0.000512,0.016363
2012-07-27,2012-07-26,1,0.014526,0.012271,0.002255,0.016363,0.013575,0.000896,0.018265
2012-07-30,2012-07-27,1,0.007999,0.010704,-0.002705,0.018265,0.022163,0.002682,0.000000
2012-07-31,2012-07-30,1,0.006880,-0.004005,0.010886,0.000000,-0.004150,-0.003321,-0.007019
2012-08-01,2012-07-31,1,-0.006138,-0.008433,0.002295,-0.007019,-0.002148,-0.000512,-0.000872
2012-08-02,2012-08-01,1,0.001310,0.000120,0.001190,-0.000872,-0.006591,0.004088,-0.006928
2012-08-03,2012-08-02,1,-0.011398,-0.013200,0.001802,-0.006928,-0.003581,-0.002681,0.019639
2012-08-06,2012-08-03,1,0.019812,0.014861,0.004950,0.019639,0.019781,0.002936,0.001936
2012-08-07,2012-08-06,1,0.008787,-0.001396,0.010183,0.001936,0.007389,-0.002680,0.005001
2012-08-08,2012-08-07,1,0.008804,0.009730,-0.000925,0.005001,0.008642,0.004209,0.001211
2012-08-09,2012-08-08,1,0.010912,-0.001166,0.012078,0.001211,-0.001530,-0.002166,0.000854
2012-08-10,2012-08-09,1,-0.009755,-0.005213,-0.004542,0.000854,0.002451,0.001911,0.001634
2012-08-13,2012-08-10,1,-0.000708,-0.002225,0.001517,0.001634,0.000735,-0.003827,-0.000497
2012-08-14,2012-08-13,1,0.005022,0.003208,0.001814,-0.000497,0.000549,0.000639,0.000142
2012-08-15,2012-08-14,1,-0.000542,0.003399,-0.003941,0.000142,-0.001835,0.005350,0.001136
2012-08-16,2012-08-15,1,0.018618,0.004703,0.013915,0.001136,0.004613,0.003424,0.007351
2012-08-17,2012-08-16,1,0.007641,0.003015,0.004625,0.007351,0.010326,0.004169,0.001337
2012-08-20,2012-08-17,1,0.000945,0.004341,-0.003396,0.001337,0.004626,0.002770,0.000070
2012-08-21,2012-08-20,1,-0.001554,-0.000656,-0.000898,0.000070,-0.000124,-0.001762,-0.003029
2012-08-22,2012-08-21,1,-0.002754,-0.000681,-0.002073,-0.003029,-0.002914,-0.001639,0.000423
2012-08-23,2012-08-22,1,0.005066,-0.005608,0.010674,0.000423,0.002088,-0.008997,-0.008213
2012-08-24,2012-08-23,1,-0.011766,-0.011856,0.000089,-0.008213,-0.006617,-0.001146,0.006025
2012-08-27,2012-08-24,1,0.001612,0.007649,-0.006038,0.006025,0.005353,0.002291,0.000212
2012-08-28,2012-08-27,1,-0.005751,0.005830,-0.011581,0.000212,0.001107,0.000890,-0.000990
2012-08-29,2012-08-28,1,0.004035,0.001376,0.002658,-0.000990,0.001284,-0.002799,0.000778
2012-08-30,2012-08-29,1,-0.009531,-0.000854,-0.008677,0.000778,0.001315,0.002290,-0.007234
2012-08-31,2012-08-30,1,-0.016144,-0.010297,-0.005847,-0.007234,-0.010597,-0.001017,0.004758
2012-09-03,2012-08-31,1,-0.006357,-0.000373,-0.005984,0.004758,0.005968,-0.002930,
2012-09-05,2012-09-04,1,-0.010964,-0.002158,-0.008806,-0.000921,0.002638,0.001916,-0.000851
2012-09-06,2012-09-05,1,0.000086,0.001211,-0.001125,-0.000851,-0.001885,-0.000128,0.020093
2012-09-07,2012-09-06,1,0.021774,0.016090,0.005684,0.020093,0.021448,0.006106,0.003888
2012-09-10,2012-09-07,1,-0.000257,-0.002083,0.001826,0.003888,0.000195,-0.007766,-0.005698
2012-09-11,2012-09-10,1,-0.007014,-0.006565,-0.000448,-0.005698,-0.010384,0.000256,0.002783
2012-09-12,2012-09-11,1,0.017176,0.002249,0.014927,0.002783,0.000164,-0.006538,0.003330
2012-09-13,2012-09-12,1,0.003920,-0.001111,0.005031,0.003330,0.003145,0.000771,0.015122
2012-09-14,2012-09-13,1,0.018094,0.011360,0.006734,0.015122,0.013244,-0.004250,0.004424
2012-09-18,2012-09-17,2,-0.003896,-0.000426,-0.003471,0.001023,0.007211,0.015369,-0.000818
2012-09-19,2012-09-18,1,0.011815,0.004675,0.007141,-0.000818,-0.000274,0.001524,0.000545
2012-09-20,2012-09-19,1,-0.015856,-0.006304,-0.009551,0.000545,0.001516,-0.005599,0.000068
2012-09-21,2012-09-20,1,0.002530,0.002892,-0.000362,0.000068,-0.002095,-0.001660,-0.005742
2012-09-24,2012-09-21,1,-0.004479,-0.004255,-0.000224,-0.005742,0.001259,-0.001151,-0.001509
2012-09-25,2012-09-24,1,0.002450,-0.004190,0.006640,-0.001509,-0.006050,-0.003718,-0.010699
2012-09-26,2012-09-25,1,-0.020541,-0.016613,-0.003928,-0.010699,-0.013714,-0.000771,-0.005637
2012-09-27,2012-09-26,1,0.004835,-0.005674,0.010509,-0.005637,-0.007737,-0.000900,0.009377
2012-09-28,2012-09-27,1,-0.008946,0.004099,-0.013045,0.009377,0.013772,-0.001803,-0.004643
2012-10-01,2012-09-28,1,-0.008338,-0.006230,-0.002108,-0.004643,-0.006515,0.004116,0.002636
2012-10-02,2012-10-01,1,-0.001190,0.003388,-0.004577,0.002636,-0.000867,0.000898,0.001039
2012-10-03,2012-10-02,1,-0.004469,-0.000887,-0.003582,0.001039,0.002089,0.002178,0.004075
2012-10-04,2012-10-03,1,0.008846,0.004137,0.004709,0.004075,0.004857,0.004087,0.007142
2012-10-05,2012-10-04,1,0.004377,0.002908,0.001469,0.007142,0.004528,0.000127,0.000068
2012-10-09,2012-10-08,2,-0.010629,-0.004626,-0.006003,-0.003359,-0.011853,-0.001913,-0.009937
2012-10-10,2012-10-09,1,-0.019966,-0.013667,-0.006299,-0.009937,-0.015324,-0.001150,-0.006400
2012-10-11,2012-10-10,1,-0.005769,-0.009538,0.003769,-0.006400,-0.004329,-0.000767,0.000558
2012-10-12,2012-10-11,1,-0.001482,0.007103,-0.008585,0.000558,-0.000777,0.001917,-0.003284
2012-10-15,2012-10-12,1,0.005120,-0.001918,0.007038,-0.003284,-0.001740,0.001276,0.008294
2012-10-16,2012-10-15,1,0.014281,0.007057,0.007224,0.008294,0.006571,0.002547,0.010082
2012-10-17,2012-10-16,1,0.012022,0.008706,0.003317,0.010082,0.011999,0.003048,0.004525
2012-10-18,2012-10-17,1,0.019823,0.009044,0.010778,0.004525,0.000951,0.000761,-0.002602
2012-10-19,2012-10-18,1,0.002204,-0.004332,0.006536,-0.002602,-0.010118,0.004047,-0.016805
2012-10-22,2012-10-19,1,0.000892,-0.014338,0.015230,-0.016805,-0.022128,0.000757,0.000139
2012-10-23,2012-10-22,1,0.000393,0.006121,-0.005728,0.000139,0.003766,0.008038,-0.013974
2012-10-24,2012-10-23,1,-0.006673,-0.013159,0.006486,-0.013974,-0.008822,-0.001252,-0.002832
2012-10-25,2012-10-24,1,0.011205,-0.000242,0.011448,-0.002832,-0.002934,-0.000501,0.002903
2012-10-26,2012-10-25,1,-0.013580,0.000412,-0.013992,0.002903,0.001481,0.005997,-0.000566
2012-10-29,2012-10-26,1,-0.000417,0.002876,-0.003293,-0.000566,0.000613,-0.008130,
2012-11-01,2012-10-31,1,0.002079,0.000383,0.001696,0.000000,-0.003594,0.001757,0.010416
2012-11-02,2012-11-01,1,0.011596,0.011375,0.000221,0.010416,0.014283,0.004628,-0.008931
2012-11-05,2012-11-02,1,-0.004849,-0.005585,0.000736,-0.008931,-0.012639,0.003861,0.002047
2012-11-06,2012-11-05,1,-0.003591,-0.001985,-0.001606,0.002047,0.005861,-0.001991,0.007795
2012-11-07,2012-11-06,1,-0.000252,0.006155,-0.006407,0.007795,0.004082,0.000747,-0.022924
2012-11-08,2012-11-07,1,-0.015243,-0.011711,-0.003532,-0.022924,-0.025094,-0.004366,-0.012097
2012-11-09,2012-11-08,1,-0.009043,-0.010748,0.001705,-0.012097,-0.014302,-0.006774,0.000869
2012-11-12,2012-11-09,1,-0.009311,-0.006452,-0.002859,0.000869,0.003203,0.000252,0.000796
2012-11-13,2012-11-12,1,-0.001775,0.003920,-0.005696,0.000796,-0.000213,0.000126,-0.003478
2012-11-14,2012-11-13,1,0.000425,-0.000090,0.000515,-0.003478,-0.007035,-0.001385,-0.013591
2012-11-15,2012-11-14,1,0.018863,0.004501,0.014361,-0.013591,-0.012941,0.010902,-0.001693
2012-11-16,2012-11-15,1,0.021782,0.007740,0.014042,-0.001693,-0.003473,0.011154,0.004925
2012-11-19,2012-11-16,1,0.014198,0.012894,0.001304,0.004925,0.005691,0.001478,0.020037
2012-11-20,2012-11-19,1,-0.001154,0.004928,-0.006083,0.020037,0.021820,0.001721,0.000431
2012-11-21,2012-11-20,1,0.008699,0.007746,0.000954,0.000431,0.000209,0.003189,0.001866
2012-11-22,2012-11-21,1,0.015523,0.012264,0.003259,0.001866,0.003378,0.010234,
2012-11-26,2012-11-23,1,0.002361,0.010541,-0.008180,0.013533,0.013677,-0.001092,-0.002125
2012-11-27,2012-11-26,1,0.003653,-0.001899,0.005552,-0.002125,0.003341,-0.004256,-0.005118
2012-11-28,2012-11-27,1,-0.012273,-0.005088,-0.007186,-0.005118,-0.003025,0.000853,0.008020
2012-11-29,2012-11-28,1,0.009891,0.006632,0.003259,0.008020,0.008051,-0.000975,0.004655
2012-11-30,2012-11-29,1,0.004789,0.004870,-0.000080,0.004655,0.006746,0.000853,0.000211
2012-12-03,2012-11-30,1,0.001288,0.004035,-0.002747,0.000211,-0.000594,0.004010,-0.004937
2012-12-04,2012-12-03,1,-0.002723,-0.004135,0.001412,-0.004937,-0.002674,-0.002672,-0.001415
2012-12-05,2012-12-04,1,0.003849,-0.005538,0.009387,-0.001415,-0.001837,-0.004143,0.001768
2012-12-06,2012-12-05,1,0.008028,0.007035,0.000993,0.001768,-0.007701,0.006936,0.003386
2012-12-07,2012-12-06,1,-0.001863,0.000207,-0.002071,0.003386,0.005222,-0.000849,0.003024
2012-12-10,2012-12-07,1,0.000667,0.005972,-0.005305,0.003024,-0.003764,0.000849,0.000421
2012-12-11,2012-12-10,1,-0.000885,-0.002431,0.001547,0.000421,0.002991,-0.001578,0.006785
2012-12-12,2012-12-11,1,0.005876,0.008460,-0.002584,0.006785,0.011762,0.002184,0.000488
2012-12-13,2012-12-12,1,0.016691,0.010356,0.006336,0.000488,-0.002813,0.008929,-0.006151
2012-12-14,2012-12-13,1,-0.000531,-0.004029,0.003498,-0.006151,-0.007210,0.004554,-0.003723
2012-12-17,2012-12-14,1,0.009334,0.016108,-0.006773,-0.003723,-0.006986,-0.001915,0.011684
2012-12-18,2012-12-17,1,0.009531,0.002032,0.007500,0.011684,0.013130,0.004900,0.011067
2012-12-19,2012-12-18,1,0.023642,0.010266,0.013376,0.011067,0.014486,0.003808,-0.007457
2012-12-20,2012-12-19,1,-0.011987,-0.006645,-0.005343,-0.007457,-0.003335,0.002372,0.005736
2012-12-21,2012-12-20,1,-0.009937,0.010528,-0.020465,0.005736,0.001979,-0.000474,-0.016186
2012-12-25,2012-12-24,2,0.013992,0.015205,-0.001213,-0.019272,-0.012466,0.006616,
2012-12-27,2012-12-26,1,0.009013,0.006324,0.002689,-0.004224,-0.007477,0.010331,-0.001341
2012-12-28,2012-12-27,1,0.006970,0.008045,-0.001075,-0.001341,-0.001422,0.005474,-0.010867
2013-01-04,2013-01-03,4,0.027790,0.019936,0.007853,0.029032,0.037681,0.013155,0.004382
2013-01-07,2013-01-04,1,-0.008371,0.005187,-0.013558,0.004382,0.000351,0.010151,-0.002736
2013-01-08,2013-01-07,1,-0.008618,-0.005184,-0.003434,-0.002736,-0.000919,-0.003980,-0.002881
2013-01-09,2013-01-08,1,0.006688,-0.009792,0.016479,-0.002881,-0.002261,-0.008467,0.002539
2013-01-10,2013-01-09,1,0.006977,0.005331,0.001647,0.002539,0.004518,0.009606,0.007918
2013-01-11,2013-01-10,1,0.013884,0.012454,0.001430,0.007918,0.005122,0.010303,-0.000068
2013-01-15,2013-01-14,2,0.007150,0.010414,-0.003264,-0.000748,-0.001366,0.007630,0.000680
2013-01-16,2013-01-15,1,-0.025946,-0.006702,-0.019244,0.000680,-0.002158,-0.007630,-0.000136
2013-01-17,2013-01-16,1,0.000868,0.005691,-0.004824,-0.000136,0.002171,-0.004516,0.006440
2013-01-18,2013-01-17,1,0.028219,0.017039,0.011180,0.006440,0.005904,0.016607,0.002227
2013-01-21,2013-01-18,1,-0.015287,0.002576,-0.017863,0.002227,-0.000411,0.002112,
2013-01-23,2013-01-22,1,-0.021036,-0.012622,-0.008414,0.005379,0.002698,-0.009872,0.001608
2013-01-24,2013-01-23,1,0.012685,-0.004385,0.017070,0.001608,0.003332,-0.001241,0.000268
2013-01-25,2013-01-24,1,0.028384,0.016475,0.011909,0.000268,-0.007412,0.019451,0.005606
2013-01-28,2013-01-25,1,-0.009410,0.006950,-0.016361,0.005606,0.006156,0.006290,-0.001199
2013-01-29,2013-01-28,1,0.003910,-0.006795,0.010705,-0.001199,0.001456,-0.000660,0.003924
2013-01-30,2013-01-29,1,0.022496,0.004339,0.018157,0.003924,-0.000203,-0.001212,-0.003924
2013-01-31,2013-01-30,1,0.002221,-0.005092,0.007313,-0.003924,-0.003605,0.003740,-0.002469
2013-02-01,2013-01-31,1,0.004718,0.004931,-0.000213,-0.002469,-0.000057,0.007112,0.010235
2013-02-04,2013-02-01,1,0.006147,0.005598,0.000550,0.010235,0.011697,0.010844,-0.011304
2013-02-05,2013-02-04,1,-0.019136,-0.013871,-0.005265,-0.011304,-0.015191,-0.003890,0.010047
2013-02-06,2013-02-05,1,0.037038,0.017034,0.020005,0.010047,0.012823,0.013443,0.000728
2013-02-07,2013-02-06,1,-0.009349,-0.005022,-0.004327,0.000728,-0.000978,0.000214,-0.001324
2013-02-08,2013-02-07,1,-0.018118,-0.015717,-0.002401,-0.001324,-0.001058,-0.000107,0.005549
2013-02-12,2013-02-11,2,0.019178,0.017206,0.001972,0.005351,0.008454,0.007237,0.001646
2013-02-13,2013-02-12,1,-0.010407,-0.003119,-0.007289,0.001646,-0.001728,-0.008948,0.000855
2013-02-14,2013-02-13,1,0.004953,0.001953,0.003001,0.000855,0.003255,-0.000963,0.000920
2013-02-15,2013-02-14,1,-0.011872,-0.006038,-0.005834,0.000920,0.000557,-0.005585,-0.001183
2013-02-18,2013-02-15,1,0.020729,0.012839,0.007890,-0.001183,-0.002075,0.006762,
2013-02-20,2013-02-19,1,0.008401,0.009914,-0.001513,0.007467,0.006732,-0.004160,-0.012542
2013-02-21,2013-02-20,1,-0.013975,-0.005557,-0.008418,-0.012542,-0.015422,-0.000214,-0.006098
2013-02-22,2013-02-21,1,0.006769,-0.006243,0.013012,-0.006098,-0.010458,-0.004715,0.009725
2013-02-25,2013-02-22,1,0.024001,0.015565,0.008436,0.009725,0.009639,0.003003,-0.019210
2013-02-26,2013-02-25,1,-0.022871,-0.018420,-0.004451,-0.019210,-0.014517,-0.017174,0.006822
2013-02-27,2013-02-26,1,-0.012788,0.001731,-0.014519,0.006822,0.004291,0.001959,0.012520
2013-02-28,2013-02-27,1,0.026775,0.012606,0.014169,0.012520,0.010366,0.002823,-0.001977
2013-03-01,2013-02-28,1,0.004059,-0.008222,0.012281,-0.001977,-0.000655,0.003247,0.003293
2013-03-04,2013-03-01,1,0.003948,0.007645,-0.003697,0.003293,0.003017,0.011070,0.005311
2013-03-05,2013-03-04,1,0.002671,0.006866,-0.004195,0.005311,0.003870,-0.001069,0.008919
2013-03-06,2013-03-05,1,0.021073,0.010863,0.010210,0.008919,0.013144,-0.001928,0.001360
2013-03-07,2013-03-06,1,0.002997,0.008760,-0.005763,0.001360,-0.000546,0.008327,0.001811
2013-03-08,2013-03-07,1,0.026024,0.008190,0.017834,0.001811,0.003012,0.007942,0.004255
2013-03-11,2013-03-08,1,0.005312,0.006449,-0.001136,0.004255,0.003792,0.012682,0.003788
2013-03-12,2013-03-11,1,-0.002777,0.006823,-0.009600,0.003788,0.002616,0.002496,-0.002246
2013-03-13,2013-03-12,1,-0.006121,-0.005090,-0.001031,-0.002246,-0.003249,-0.002080,0.001412
2013-03-14,2013-03-13,1,0.011497,0.007529,0.003968,0.001412,0.000863,0.000312,0.005310
2013-03-15,2013-03-14,1,0.014414,0.004552,0.009862,0.005310,0.004247,0.000000,-0.005759
2013-03-18,2013-03-15,1,-0.027467,-0.015687,-0.011780,-0.005759,-0.003030,-0.008885,-0.005534
2013-03-19,2013-03-18,1,0.020058,0.015023,0.005035,-0.005534,-0.003540,-0.000420,-0.002326
2013-03-21,2013-03-20,2,0.013342,0.009878,0.003464,0.004635,0.005114,0.008472,-0.008579
2013-03-22,2013-03-21,1,-0.023798,-0.010916,-0.012883,-0.008579,-0.009755,-0.011839,0.008001
2013-03-25,2013-03-22,1,0.016712,0.013610,0.003101,0.008001,0.006927,-0.004013,-0.004186
2013-03-26,2013-03-25,1,-0.005983,-0.006771,0.000789,-0.004186,-0.002994,-0.003711,0.007971
2013-03-27,2013-03-26,1,0.001776,0.000398,0.001378,0.007971,0.005296,0.002758,0.000000
2013-03-28,2013-03-27,1,-0.012713,-0.002939,-0.009775,0.000000,0.001241,0.000212,0.003068
2013-03-29,2013-03-28,1,0.005009,0.005624,-0.000614,0.003068,0.003372,-0.003395,
2013-04-02,2013-04-01,1,-0.010903,-0.006901,-0.004002,-0.003965,-0.008714,-0.010459,0.004922
2013-04-03,2013-04-02,1,0.029451,0.009012,0.020439,0.004922,0.004832,0.002250,-0.010191
2013-04-04,2013-04-03,1,0.021791,-0.014174,0.035964,-0.010191,-0.011203,-0.004076,0.004050
2013-04-05,2013-04-04,1,0.015636,0.019305,-0.003670,0.004050,0.001980,0.034750,-0.004501
2013-04-08,2013-04-05,1,0.027585,0.019214,0.008371,-0.004501,-0.006570,0.012278,0.006744
2013-04-09,2013-04-08,1,-0.000018,0.008795,-0.008813,0.006744,0.005724,0.018591,0.003451
2013-04-10,2013-04-09,1,0.007234,-0.001141,0.008375,0.003451,0.004833,-0.003327,0.012174
2013-04-11,2013-04-10,1,0.019453,0.011732,0.007721,0.012174,0.018176,0.007546,0.003272
2013-04-12,2013-04-11,1,-0.004736,0.001408,-0.006144,0.003272,0.000882,-0.001003,-0.002453
2013-04-15,2013-04-12,1,-0.015656,-0.010382,-0.005274,-0.002453,-0.001580,-0.013027,-0.023447
2013-04-16,2013-04-15,1,-0.004093,-0.019145,0.015053,-0.023447,-0.024100,-0.016707,0.014655
2013-04-17,2013-04-16,1,0.012137,0.008215,0.003922,0.014655,0.014856,0.007927,-0.014719
2013-04-18,2013-04-17,1,-0.012241,-0.008304,-0.003937,-0.014719,-0.018537,0.005828,-0.006273
2013-04-19,2013-04-18,1,0.007266,0.003651,0.003615,-0.006273,-0.012026,0.000408,0.008656
2013-04-22,2013-04-19,1,0.018739,0.016437,0.002302,0.008656,0.012460,0.013865,0.004428
2013-04-23,2013-04-22,1,-0.002858,-0.001680,-0.001178,0.004428,0.008538,-0.003020,0.010257
2013-04-24,2013-04-23,1,0.022929,0.011583,0.011346,0.010257,0.011004,0.002618,0.000634
2013-04-25,2013-04-24,1,0.005950,0.003178,0.002772,0.000634,0.000098,0.000101,0.004046
2013-04-26,2013-04-25,1,-0.003017,0.003791,-0.006808,0.004046,0.006202,-0.002214,-0.001768
2013-04-30,2013-04-29,2,-0.001677,-0.002113,0.000436,0.004908,0.005163,-0.015229,0.002383
2013-05-01,2013-04-30,1,-0.004448,-0.001671,-0.002777,0.002383,0.006561,-0.003484,-0.008806
2013-05-02,2013-05-01,1,-0.007661,-0.005239,-0.002422,-0.008806,-0.008950,-0.000308,0.009244
2013-05-07,2013-05-06,3,0.034889,0.019238,0.015650,0.021872,0.028047,0.019827,0.005056
2013-05-08,2013-05-07,1,0.007409,0.001125,0.006284,0.005056,0.001078,-0.003328,0.004541
2013-05-09,2013-05-08,1,-0.006617,0.005672,-0.012289,0.004541,0.004887,-0.000101,-0.002820
2013-05-10,2013-05-09,1,0.028896,0.018000,0.010896,-0.002820,-0.001202,0.016034,0.003249
2013-05-13,2013-05-10,1,0.011887,0.010349,0.001537,0.003249,0.008008,0.009794,0.000795
2013-05-14,2013-05-13,1,-0.001611,0.002726,-0.004337,0.000795,0.000643,0.002360,0.010281
2013-05-15,2013-05-14,1,0.022618,0.013723,0.008895,0.010281,0.006903,0.005192,0.005372
2013-05-16,2013-05-15,1,-0.003902,0.003308,-0.007210,0.005372,0.002599,-0.001173,-0.004706
2013-05-17,2013-05-16,1,0.006686,-0.007397,0.014083,-0.004706,-0.001839,0.000098,0.009631
2013-05-20,2013-05-17,1,0.014603,0.008059,0.006544,0.009631,0.009687,0.009152,-0.000060
2013-05-21,2013-05-20,1,0.001315,-0.006271,0.007585,-0.000060,-0.000726,-0.008956,0.001437
2013-05-22,2013-05-21,1,0.015883,0.003872,0.012011,0.001437,0.001626,0.001954,-0.007445
2013-05-23,2013-05-22,1,-0.075974,0.007187,-0.083161,-0.007445,-0.011147,0.006712,-0.002897
2013-05-24,2013-05-23,1,0.008831,0.016962,-0.008131,-0.002897,-0.001121,-0.011113,-0.000847
2013-05-27,2013-05-24,1,-0.032679,-0.016465,-0.016213,-0.000847,-0.000081,-0.007281,
2013-05-29,2013-05-28,1,0.001011,0.012538,-0.011527,0.005971,0.008564,0.014069,-0.006515
2013-05-30,2013-05-29,1,-0.052845,-0.017857,-0.034988,-0.006515,-0.006144,-0.012089,0.003685
2013-05-31,2013-05-30,1,0.013559,0.015712,-0.002153,0.003685,0.006835,-0.004062,-0.014456
2013-06-03,2013-05-31,1,-0.037933,-0.016335,-0.021598,-0.014456,-0.010188,-0.002585,0.005491
2013-06-04,2013-06-03,1,0.020298,-0.005688,0.025986,0.005491,0.002734,-0.009501,-0.004818
2013-06-05,2013-06-04,1,-0.039095,0.002435,-0.041529,-0.004818,-0.005820,0.004912,-0.014100
2013-06-06,2013-06-05,1,-0.008554,-0.006907,-0.001647,-0.014100,-0.012789,-0.009444,0.009012
2013-06-07,2013-06-06,1,-0.002055,-0.015432,0.013377,0.009012,0.006613,-0.021633,0.012640
2013-06-10,2013-06-07,1,0.048257,0.020318,0.027939,0.012640,0.013106,0.006068,0.000000
2013-06-11,2013-06-10,1,-0.014653,-0.000698,-0.013955,0.000000,0.001311,0.012533,-0.010369
2013-06-12,2013-06-11,1,-0.002127,-0.017418,0.015291,-0.010369,-0.010656,-0.028240,-0.008312
2013-06-13,2013-06-12,1,-0.065611,-0.019091,-0.046520,-0.008312,-0.010683,-0.000104,0.015094
2013-06-14,2013-06-13,1,0.019191,0.017801,0.001390,0.015094,0.013127,-0.006689,-0.006292
2013-06-17,2013-06-14,1,0.026954,-0.008084,0.035038,-0.006292,-0.006347,-0.013620,0.007692
2013-06-18,2013-06-17,1,-0.001985,-0.001380,-0.000605,0.007692,0.008310,0.004455,0.007875
2013-06-19,2013-06-18,1,0.018128,0.017211,0.000917,0.007875,0.008667,0.008746,-0.013913
2013-06-20,2013-06-19,1,-0.017566,-0.010883,-0.006683,-0.013913,-0.011257,0.011889,-0.025090
2013-06-21,2013-06-20,1,0.016427,-0.017573,0.034000,-0.025090,-0.023080,0.008362,-0.002072
2013-06-24,2013-06-21,1,-0.012730,0.014066,-0.026796,-0.002072,-0.002199,0.006354,-0.012717
2013-06-25,2013-06-24,1,-0.007179,0.001441,-0.008620,-0.012717,-0.010929,-0.001738,0.009568
2013-06-26,2013-06-25,1,-0.010489,0.014043,-0.024532,0.009568,0.008137,0.000818,0.009852
2013-06-27,2013-06-26,1,0.029144,0.010442,0.018703,0.009852,0.008426,-0.000818,0.005853
2013-06-28,2013-06-27,1,0.034496,0.012811,0.021685,0.005853,0.007566,0.006325,-0.004106
2013-07-01,2013-06-28,1,0.012727,0.005061,0.007665,-0.004106,0.000409,0.007900,0.005843
2013-07-02,2013-07-01,1,0.017620,0.008386,0.009234,0.005843,0.009138,0.005333,-0.000930
2013-07-03,2013-07-02,1,-0.003067,0.003628,-0.006696,-0.000930,-0.000317,0.009687,0.000434
2013-07-04,2013-07-03,1,-0.002609,-0.006087,0.003477,0.000434,0.002987,-0.007181,
2013-07-08,2013-07-05,1,-0.014120,0.012576,-0.026696,0.010731,0.010316,0.011431,0.005689
2013-07-09,2013-07-08,1,0.025441,0.013104,0.012337,0.005689,0.001565,-0.002276,0.007172
2013-07-10,2013-07-09,1,-0.003898,-0.000558,-0.003339,0.007172,0.005560,0.001880,0.000363
2013-07-11,2013-07-10,1,0.003876,-0.009852,0.013728,0.000363,0.004698,-0.014942,0.013529
2013-07-12,2013-07-11,1,0.002324,0.000179,0.002145,0.013529,0.016211,-0.007050,0.000418
2013-07-16,2013-07-15,2,0.006382,0.006091,0.000290,0.004231,0.008124,0.009155,-0.003754
2013-07-17,2013-07-16,1,0.001090,-0.007378,0.008468,-0.003754,-0.002495,-0.007641,0.002564
2013-07-18,2013-07-17,1,0.013150,0.002065,0.011085,0.002564,0.003191,0.004832,0.005463
2013-07-19,2013-07-18,1,-0.014871,0.006815,-0.021686,0.005463,0.000355,0.008301,0.001775
2013-07-22,2013-07-19,1,0.004659,0.012269,-0.007610,0.001775,-0.006576,0.002388,0.001949
2013-07-23,2013-07-22,1,0.008185,-0.007030,0.015215,0.001949,0.003556,-0.009986,-0.002126
2013-07-24,2013-07-23,1,-0.003201,-0.003991,0.000790,-0.002126,-0.005883,-0.002412,-0.003672
2013-07-25,2013-07-24,1,-0.011494,0.001081,-0.012575,-0.003672,0.000092,0.008415,0.002430
2013-07-26,2013-07-25,1,-0.030180,-0.015469,-0.014712,0.002430,0.007123,-0.009623,0.001065
2013-07-29,2013-07-26,1,-0.033744,-0.016462,-0.017282,0.001065,0.002208,-0.010429,-0.003080
2013-07-30,2013-07-29,1,0.015161,-0.001973,0.017134,-0.003080,-0.003888,-0.003160,0.000000
2013-07-31,2013-07-30,1,-0.014635,-0.009874,-0.004761,0.000000,0.004803,0.000919,0.000712
2013-08-01,2013-07-31,1,0.024389,0.000452,0.023937,0.000712,0.002734,-0.001736,0.011492
2013-08-02,2013-08-01,1,0.032343,0.012269,0.020074,0.011492,0.013522,0.016921,0.001698
2013-08-05,2013-08-02,1,-0.014491,-0.010280,-0.004211,0.001698,0.003761,-0.006047,-0.001463
2013-08-06,2013-08-05,1,0.009981,-0.001470,0.011451,-0.001463,0.000910,-0.006389,-0.005699
2013-08-07,2013-08-06,1,-0.040828,-0.017167,-0.023661,-0.005699,-0.007387,-0.005713,-0.003246
2013-08-08,2013-08-07,1,-0.015996,-0.003294,-0.012701,-0.003246,-0.003213,-0.014635,0.003658
2013-08-09,2013-08-08,1,0.000708,0.004980,-0.004273,0.003658,0.004127,0.004144,-0.002890
2013-08-12,2013-08-09,1,-0.007058,-0.010743,0.003685,-0.002890,-0.002459,-0.005391,-0.001182
2013-08-13,2013-08-12,1,0.025384,0.013002,0.012382,-0.001182,0.002685,0.007147,0.002952
2013-08-14,2013-08-13,1,0.013122,0.005017,0.008105,0.002952,0.003941,0.013430,-0.005143
2013-08-15,2013-08-14,1,-0.021381,-0.014663,-0.006718,-0.005143,-0.004126,-0.000713,-0.014085
2013-08-16,2013-08-15,1,-0.007505,-0.016150,0.008645,-0.014085,-0.017360,-0.007980,-0.003311
2013-08-19,2013-08-16,1,0.007882,0.001437,0.006445,-0.003311,-0.000927,0.001745,-0.006413
2013-08-20,2013-08-19,1,-0.026645,-0.009140,-0.017506,-0.006413,-0.003807,0.000308,0.004904
2013-08-21,2013-08-20,1,0.002084,0.002602,-0.000518,0.004904,0.006803,-0.002977,-0.006179
2013-08-22,2013-08-21,1,-0.004417,-0.008249,0.003832,-0.006179,-0.003826,0.004104,0.009074
2013-08-23,2013-08-22,1,0.021860,0.016223,0.005637,0.009074,0.010754,0.010694,0.003367
2013-08-26,2013-08-23,1,-0.001778,0.004310,-0.006089,0.003367,0.005230,0.000304,-0.003728
2013-08-27,2013-08-26,1,-0.006911,-0.006218,-0.000692,-0.003728,-0.000060,-0.002434,-0.016215
2013-08-28,2013-08-27,1,-0.015172,-0.019185,0.004014,-0.016215,-0.021850,-0.015139,0.003545
2013-08-29,2013-08-28,1,0.009049,0.003330,0.005719,0.003545,0.004136,0.006165,0.001585
2013-08-30,2013-08-29,1,-0.005278,0.008399,-0.013677,0.001585,0.007472,0.007348,-0.003173
2013-09-02,2013-08-30,1,0.013654,0.003669,0.009985,-0.003173,-0.008441,-0.001934,
2013-09-04,2013-09-03,1,0.005382,-0.007415,0.012797,0.004512,0.006315,0.002313,0.008239
2013-09-05,2013-09-04,1,0.000779,0.006124,-0.005345,0.008239,0.010034,0.001907,0.001266
2013-09-06,2013-09-05,1,-0.014611,0.001676,-0.016287,0.001266,0.002666,0.003603,0.000482
2013-09-09,2013-09-06,1,0.024545,0.020060,0.004484,0.000482,0.000336,-0.010140,0.009531
2013-09-10,2013-09-09,1,0.015239,0.007958,0.007281,0.009531,0.012536,0.004731,0.007370
2013-09-11,2013-09-10,1,0.000119,0.006109,-0.005990,0.007370,0.006144,0.008202,0.003134
2013-09-12,2013-09-11,1,-0.002624,-0.001885,-0.000739,0.003134,-0.001076,-0.005394,-0.002660
2013-09-13,2013-09-12,1,0.001209,-0.004917,0.006126,-0.002660,-0.002430,-0.003109,0.002247
2013-09-17,2013-09-16,2,-0.006477,0.003626,-0.010103,0.008017,0.000506,-0.004935,0.004453
2013-09-18,2013-09-17,1,0.013443,0.006955,0.006488,0.004453,0.007463,0.000606,0.011508
2013-09-19,2013-09-18,1,0.017821,0.011995,0.005826,0.011508,0.010078,-0.011977,-0.001677
2013-09-20,2013-09-19,1,-0.001610,0.002399,-0.004009,-0.001677,0.001516,0.015201,-0.011879
2013-09-24,2013-09-23,2,-0.000666,-0.007926,0.007260,-0.016517,-0.006378,-0.006154,-0.002357
2013-09-25,2013-09-24,1,-0.007637,-0.001330,-0.006307,-0.002357,0.000786,-0.001114,-0.002895
2013-09-26,2013-09-25,1,0.012141,-0.004625,0.016766,-0.002895,-0.001899,-0.002942,0.003838
2013-09-27,2013-09-26,1,-0.002642,0.000329,-0.002971,0.003838,0.006976,0.005573,-0.004607
2013-09-30,2013-09-27,1,-0.020830,-0.015667,-0.005162,-0.004607,-0.001543,-0.007403,-0.005343
2013-10-01,2013-09-30,1,0.001999,0.004292,-0.002294,-0.005343,-0.002677,-0.000305,0.007885
2013-10-02,2013-10-01,1,-0.021933,0.000535,-0.022468,0.007885,0.012254,-0.002447,-0.000945
2013-10-03,2013-10-02,1,-0.000935,-0.002146,0.001211,-0.000945,-0.000776,-0.006554,-0.009264
2013-10-04,2013-10-03,1,-0.009435,-0.009048,-0.000386,-0.009264,-0.010720,-0.000925,0.007548
2013-10-07,2013-10-04,1,-0.012267,0.002384,-0.014652,0.007548,0.008813,0.002260,-0.008682
2013-10-08,2013-10-07,1,0.002976,-0.004238,0.007214,-0.008682,-0.009863,-0.007932,-0.011715
2013-10-09,2013-10-08,1,0.010256,-0.007565,0.017821,-0.011715,-0.020241,0.001757,0.000725
2013-10-10,2013-10-09,1,0.011113,0.004249,0.006863,0.000725,-0.004625,0.004841,0.021329
2013-10-11,2013-10-10,1,0.014688,0.012753,0.001935,0.021329,0.022309,0.008390,0.006423
2013-10-15,2013-10-14,2,0.002551,0.007299,-0.004748,0.010409,0.014396,0.004169,-0.007280
2013-10-16,2013-10-15,1,0.001771,-0.000547,0.002318,-0.007280,-0.005591,-0.004067,0.013869
2013-10-17,2013-10-16,1,0.008217,0.011883,-0.003666,0.013869,0.011900,0.006094,0.006661
2013-10-18,2013-10-17,1,-0.001713,0.000212,-0.001925,0.006661,0.006159,-0.008848,0.006732
2013-10-21,2013-10-18,1,0.009026,0.004282,0.004744,0.006732,0.013148,-0.001943,0.000057
2013-10-22,2013-10-21,1,0.001338,-0.001123,0.002461,0.000057,0.001473,0.004901,0.005775
2013-10-23,2013-10-22,1,-0.019713,0.004825,-0.024538,0.005775,0.002426,-0.000509,-0.004800
2013-10-24,2013-10-23,1,0.004175,-0.005652,0.009828,-0.004800,-0.005742,-0.007878,0.003317
2013-10-25,2013-10-24,1,-0.027874,-0.003268,-0.024606,0.003317,0.005587,-0.000925,0.004557
2013-10-28,2013-10-25,1,0.021616,0.012237,0.009379,0.004557,0.003658,0.001438,0.001590
2013-10-29,2013-10-28,1,-0.004878,-0.007483,0.002604,0.001590,-0.000819,0.002461,0.005320
2013-10-30,2013-10-29,1,0.012236,0.009634,0.002602,0.005320,0.003094,0.005311,-0.004979
2013-10-31,2013-10-30,1,-0.012099,-0.001956,-0.010143,-0.004979,-0.005511,0.003254,-0.002840
2013-11-01,2013-10-31,1,-0.008859,0.005230,-0.014089,-0.002840,-0.002780,-0.001422,0.002386
2013-11-05,2013-11-04,2,0.001674,0.008287,-0.006613,0.005899,0.004297,0.002539,-0.003172
2013-11-06,2013-11-05,1,0.007838,-0.004935,0.012773,-0.003172,0.000830,-0.001116,0.005093
2013-11-07,2013-11-06,1,-0.007622,0.001272,-0.008895,0.005093,-0.002010,0.001623,-0.012724
2013-11-08,2013-11-07,1,-0.010005,-0.014318,0.004313,-0.012724,-0.019160,-0.005795,0.013401
2013-11-11,2013-11-08,1,0.012910,0.013025,-0.000115,0.013401,0.015920,0.010043,0.000169
2013-11-12,2013-11-11,1,0.022098,0.001403,0.020695,0.000169,0.000143,0.000807,-0.002032
2013-11-13,2013-11-12,1,-0.001476,-0.004170,0.002694,-0.002032,0.000033,0.004729,0.007992
2013-11-14,2013-11-13,1,0.021007,0.006745,0.014262,0.007992,0.011578,-0.004023,0.004977
2013-11-15,2013-11-14,1,0.019274,0.010560,0.008715,0.004977,0.001806,0.007931,0.004342
2013-11-18,2013-11-15,1,-0.000107,0.005741,-0.005848,0.004342,0.003325,0.001698,-0.003505
2013-11-19,2013-11-18,1,-0.002492,-0.004472,0.001981,-0.003505,-0.009301,-0.001998,-0.002176
2013-11-20,2013-11-19,1,-0.003343,0.003286,-0.006629,-0.002176,-0.004446,0.001499,-0.003133
2013-11-21,2013-11-20,1,0.019022,0.006649,0.012373,-0.003133,-0.002618,-0.001099,0.008036
2013-11-22,2013-11-21,1,0.001049,0.009576,-0.008528,0.008036,0.012139,0.011234,0.004990
2013-11-25,2013-11-22,1,0.015317,0.007969,0.007348,0.004990,0.005650,0.001186,-0.000996
2013-11-26,2013-11-25,1,-0.006674,-0.007531,0.000857,-0.000996,0.000731,0.003844,0.000277
2013-11-27,2013-11-26,1,-0.004238,-0.006513,0.002275,0.000277,0.005786,-0.003745,0.002432
2013-11-28,2013-11-27,1,0.017802,0.011107,0.006694,0.002432,0.006698,0.008553,
2013-12-02,2013-11-29,1,-0.000434,-0.000136,-0.000298,-0.000663,0.003736,0.001172,-0.002600
2013-12-03,2013-12-02,1,0.006024,0.005889,0.000135,-0.002600,-0.003610,0.005162,-0.004330
2013-12-04,2013-12-03,1,-0.021936,-0.014676,-0.007259,-0.004330,-0.001994,-0.004381,-0.000111
2013-12-05,2013-12-04,1,-0.015070,-0.003472,-0.011597,-0.000111,0.000198,-0.001367,-0.004405
2013-12-06,2013-12-05,1,0.008030,-0.004289,0.012319,-0.004405,-0.001199,-0.005585,0.011115
2013-12-09,2013-12-06,1,0.022641,0.016641,0.005999,0.011115,0.007253,0.010944,0.002539
2013-12-10,2013-12-09,1,-0.002489,-0.001038,-0.001450,0.002539,0.001532,0.003589,-0.003590
2013-12-11,2013-12-10,1,-0.006184,-0.006515,0.000331,-0.003590,-0.002032,-0.004367,-0.011295
2013-12-12,2013-12-11,1,-0.011229,-0.008917,-0.002311,-0.011295,-0.014057,-0.003898,-0.003307
2013-12-13,2013-12-12,1,0.003987,-0.001626,0.005613,-0.003307,-0.001352,0.009136,-0.000112
2013-12-16,2013-12-13,1,-0.016377,0.000340,-0.016717,-0.000112,0.000643,-0.001646,0.006213
2013-12-17,2013-12-16,1,0.008263,0.009021,-0.000758,0.006213,0.007110,-0.001746,-0.003186
2013-12-18,2013-12-17,1,0.020033,-0.000353,0.020386,-0.003186,-0.001450,-0.003404,0.016928
2013-12-19,2013-12-18,1,0.017262,0.014118,0.003144,0.016928,0.011461,0.015465,-0.001156
2013-12-20,2013-12-19,1,0.000706,-0.004331,0.005036,-0.001156,-0.002933,-0.000192,0.000386
2013-12-24,2013-12-23,2,0.001191,0.005372,-0.004181,0.005714,0.022118,-0.001344,0.002189
2013-12-25,2013-12-24,1,0.007565,-0.001776,0.009341,0.002189,0.001570,0.002399,
2013-12-27,2013-12-26,1,0.000278,0.003394,-0.003116,0.005071,0.002826,0.004112,-0.000054
2013-12-30,2013-12-27,1,0.006921,0.005565,0.001357,-0.000054,-0.002545,0.003430,-0.000163
2014-01-06,2014-01-03,4,-0.023754,-0.008864,-0.014890,-0.005235,-0.005955,-0.003143,-0.002902
2014-01-07,2014-01-06,1,-0.005958,-0.004629,-0.001330,-0.002902,-0.004422,-0.005836,0.006123
2014-01-08,2014-01-07,1,0.019232,0.008143,0.011088,0.006123,0.009556,0.003735,0.000218
2014-01-09,2014-01-08,1,-0.015069,-0.007382,-0.007687,0.000218,0.002988,0.002196,0.000654
2014-01-10,2014-01-09,1,0.001996,-0.006012,0.008008,0.000654,-0.002264,-0.000095,0.002719
2014-01-14,2014-01-13,2,-0.031256,-0.016146,-0.015110,-0.010675,-0.010373,-0.017710,0.010839
2014-01-15,2014-01-14,1,0.024741,0.014590,0.010151,0.010839,0.016808,0.011777,0.005376
2014-01-16,2014-01-15,1,-0.003900,0.002301,-0.006201,0.005376,0.007588,0.003353,-0.001301
2014-01-17,2014-01-16,1,-0.000809,-0.003291,0.002482,-0.001301,0.000904,-0.002011,-0.004238
2014-01-20,2014-01-17,1,-0.005914,-0.000656,-0.005258,-0.004238,-0.005016,-0.000479,
2014-01-22,2014-01-21,1,0.001581,-0.002977,0.004558,0.002936,0.006691,0.001343,0.000651
2014-01-23,2014-01-22,1,-0.007937,0.005023,-0.012960,0.000651,0.004071,0.002011,-0.008227
2014-01-24,2014-01-23,1,-0.019580,-0.014265,-0.005314,-0.008227,-0.005701,-0.012130,-0.021567
2014-01-27,2014-01-24,1,-0.025387,-0.019691,-0.005696,-0.021567,-0.021735,-0.009439,-0.004931
2014-01-28,2014-01-27,1,-0.001705,0.002191,-0.003896,-0.004931,-0.010853,0.002539,0.005937
2014-01-29,2014-01-28,1,0.026595,0.012220,0.014376,0.005937,0.003508,0.003990,-0.009652
2014-01-30,2014-01-29,1,-0.024801,-0.017787,-0.007015,-0.009652,-0.011419,-0.006529,0.010545
2014-01-31,2014-01-30,1,-0.006185,0.008306,-0.014491,0.010545,0.017540,0.004098,-0.005876
2014-02-03,2014-01-31,1,-0.020005,-0.008482,-0.011523,-0.005876,-0.004677,-0.006545,-0.022762
2014-02-04,2014-02-03,1,-0.042669,-0.018349,-0.024320,-0.022762,-0.026399,-0.010443,0.006980
2014-02-05,2014-02-04,1,0.012197,0.014502,-0.002305,0.006980,0.008609,0.006614,-0.001255
2014-02-06,2014-02-05,1,-0.001783,0.003733,-0.005516,-0.001255,-0.004966,-0.002068,0.013101
2014-02-07,2014-02-06,1,0.021476,0.016256,0.005220,0.013101,0.011296,0.006388,0.012320
2014-02-10,2014-02-07,1,0.017541,0.012739,0.004802,0.012320,0.016801,0.002446,0.001835
2014-02-12,2014-02-11,2,0.005537,0.007000,-0.001463,0.012719,0.015677,0.002927,0.000495
2014-02-13,2014-02-12,1,-0.018090,-0.000961,-0.017128,0.000495,0.002440,-0.001072,0.005149
2014-02-14,2014-02-13,1,-0.015371,0.000238,-0.015609,0.005149,0.009330,-0.003616,0.005504
2014-02-17,2014-02-14,1,0.005579,0.002143,0.003437,0.005504,0.000790,-0.003727,
2014-02-19,2014-02-18,1,-0.005181,-0.007694,0.002512,0.001195,0.006754,0.004210,-0.006644
2014-02-20,2014-02-19,1,-0.021725,-0.004438,-0.017287,-0.006644,-0.008185,-0.000391,0.005884
2014-02-21,2014-02-20,1,0.028417,0.011658,0.016759,0.005884,0.006960,-0.000489,-0.001141
2014-02-24,2014-02-21,1,-0.001885,-0.004181,0.002297,-0.001141,-0.000971,0.002539,0.005531
2014-02-25,2014-02-24,1,0.014314,0.011048,0.003267,0.005531,0.006909,-0.000488,-0.000379
2014-02-26,2014-02-25,1,-0.005371,-0.010359,0.004987,-0.000379,-0.001254,-0.002443,0.000054
2014-02-27,2014-02-26,1,-0.003202,-0.002080,-0.001122,0.000054,0.001042,0.001271,0.005234
2014-02-28,2014-02-27,1,-0.005513,0.000431,-0.005944,0.005234,0.006241,-0.002348,0.002526
2014-03-03,2014-02-28,1,-0.012806,-0.011803,-0.001003,0.002526,-0.002506,-0.003041,-0.007057
2014-03-04,2014-03-03,1,0.004715,-0.006730,0.011445,-0.007057,-0.007180,-0.003641,0.013958
2014-03-05,2014-03-04,1,0.011894,0.012453,-0.000558,0.013958,0.017307,0.007563,0.000906
2014-03-06,2014-03-05,1,0.015791,0.002422,0.013369,0.000906,0.001378,0.000978,0.002288
2014-03-07,2014-03-06,1,0.009163,0.009601,-0.000438,0.002288,-0.001343,0.007402,0.000425
2014-03-10,2014-03-07,1,-0.010129,-0.005024,-0.005105,0.000425,-0.003660,0.001842,-0.000531
2014-03-11,2014-03-10,1,0.006853,0.003916,0.002936,-0.000531,-0.000408,0.000000,-0.004955
2014-03-12,2014-03-11,1,-0.026202,-0.014577,-0.011625,-0.004955,-0.006309,-0.002424,0.000267
2014-03-13,2014-03-12,1,-0.000972,0.001168,-0.002140,0.000267,0.003740,-0.002430,-0.011277
2014-03-14,2014-03-13,1,-0.033514,-0.019747,-0.013767,-0.011277,-0.014658,-0.008994,-0.002812
2014-03-17,2014-03-14,1,-0.003495,-0.005132,0.001637,-0.002812,-0.003532,-0.004824,0.009003
2014-03-18,2014-03-17,1,0.009314,0.014859,-0.005546,0.009003,0.008105,0.004136,0.007113
2014-03-19,2014-03-18,1,0.003550,0.005844,-0.002294,0.007113,0.012390,-0.003347,-0.005343
2014-03-20,2014-03-19,1,-0.016614,0.005945,-0.022559,-0.005343,-0.005951,0.008933,0.005822
2014-03-24,2014-03-21,2,0.017497,0.005143,0.012353,-0.002467,-0.007178,-0.000978,-0.004144
2014-03-25,2014-03-24,1,-0.003606,-0.005098,0.001492,-0.004144,-0.011855,0.000000,0.004735
2014-03-26,2014-03-25,1,0.003735,0.006759,-0.003024,0.004735,0.001863,0.000293,-0.007218
2014-03-27,2014-03-26,1,0.010016,-0.011916,0.021932,-0.007218,-0.014437,-0.002252,-0.002111
2014-03-28,2014-03-27,1,0.004989,-0.003195,0.008184,-0.002111,-0.005370,0.001273,0.004918
2014-03-31,2014-03-28,1,0.008928,0.009718,-0.000789,0.004918,0.001091,0.006148,0.008161
2014-04-01,2014-03-31,1,-0.002420,0.002874,-0.005294,0.008161,0.010349,0.003884,0.006609
2014-04-02,2014-04-01,1,0.010379,0.007133,0.003246,0.006609,0.016311,0.004351,0.003341
2014-04-03,2014-04-02,1,0.008366,0.004197,0.004169,0.003341,0.001971,0.002024,-0.001324
2014-04-04,2014-04-03,1,-0.000538,-0.004411,0.003873,-0.001324,-0.009095,0.000578,-0.011893
2014-04-07,2014-04-04,1,-0.017068,-0.012219,-0.004848,-0.011893,-0.026302,-0.006081,-0.011113
2014-04-08,2014-04-07,1,-0.013732,-0.006303,-0.007429,-0.011113,-0.011692,-0.001841,0.004114
2014-04-09,2014-04-08,1,-0.021255,-0.011764,-0.009491,0.004114,0.008115,-0.012691,0.010694
2014-04-10,2014-04-09,1,0.000030,0.012844,-0.012814,0.010694,0.017094,0.001767,-0.021230
2014-04-11,2014-04-10,1,-0.024068,-0.019227,-0.004841,-0.021230,-0.031513,-0.004620,-0.009049
2014-04-14,2014-04-11,1,-0.003580,-0.005230,0.001650,-0.009049,-0.013504,0.000886,0.007848
2014-04-15,2014-04-14,1,0.006210,0.011337,-0.005127,0.007848,0.005724,0.002261,0.006864
2014-04-16,2014-04-15,1,0.029626,0.009249,0.020377,0.006864,0.002847,0.000884,0.010423
2014-04-17,2014-04-16,1,-0.000010,-0.001508,0.001498,0.010423,0.012822,0.003037,0.001396
2014-04-18,2014-04-17,1,0.006825,0.004970,0.001855,0.001396,0.002273,0.001564,
2014-04-22,2014-04-21,1,-0.008554,0.005080,-0.013634,0.003481,0.006336,0.002146,0.004534
2014-04-23,2014-04-22,1,0.010887,0.006349,0.004538,0.004534,0.009637,-0.000097,-0.002345
2014-04-24,2014-04-23,1,-0.009760,0.001167,-0.010927,-0.002345,-0.008322,-0.000682,0.002025
2014-04-25,2014-04-24,1,0.001683,-0.002451,0.004135,0.002025,0.005165,-0.002246,-0.008233
2014-04-28,2014-04-25,1,-0.009822,-0.009711,-0.000111,-0.008233,-0.017700,-0.001467,0.003162
2014-04-30,2014-04-29,2,0.001111,0.007341,-0.006231,0.007807,0.006842,0.004493,0.002978
2014-05-01,2014-04-30,1,0.012576,0.002582,0.009994,0.002978,0.002682,-0.003612,0.000106
2014-05-02,2014-05-01,1,-0.001909,-0.002121,0.000212,0.000106,0.003128,0.000782,-0.001435
2014-05-07,2014-05-06,3,-0.029770,-0.011217,-0.018553,-0.008264,-0.011377,-0.006373,0.005872
2014-05-08,2014-05-07,1,0.009244,0.007310,0.001934,0.005872,-0.003213,0.002260,-0.001065
2014-05-09,2014-05-08,1,0.002525,-0.004373,0.006898,-0.001065,-0.003983,-0.002456,0.001491
2014-05-12,2014-05-09,1,-0.003532,-0.001840,-0.001693,0.001491,0.005015,0.001966,0.009689
2014-05-13,2014-05-12,1,0.019313,0.015319,0.003994,0.009689,0.017525,0.002550,0.000895
2014-05-14,2014-05-13,1,-0.001365,-0.002766,0.001400,0.000895,-0.003312,0.001370,-0.004749
2014-05-15,2014-05-14,1,-0.007494,-0.008732,0.001239,-0.004749,-0.007176,-0.003723,-0.008819
2014-05-16,2014-05-15,1,-0.014201,-0.014828,0.000627,-0.008819,-0.007672,-0.003048,0.003463
2014-05-19,2014-05-16,1,-0.006416,0.002374,-0.008789,0.003463,0.005221,-0.000689,0.003663
2014-05-20,2014-05-19,1,0.004901,0.005838,-0.000937,0.003663,0.008573,0.000000,-0.006325
2014-05-21,2014-05-20,1,-0.002353,-0.007527,0.005174,-0.006325,-0.007034,-0.001775,0.008389
2014-05-22,2014-05-21,1,0.020834,0.010351,0.010482,0.008389,0.008422,0.000395,0.002429
2014-05-23,2014-05-22,1,0.008638,0.005100,0.003538,0.002429,0.005503,0.003644,0.004001
2014-05-26,2014-05-23,1,0.009658,0.008978,0.000680,0.004001,0.007547,0.002357,
2014-05-28,2014-05-27,1,0.002350,0.000711,0.001639,0.006128,0.012172,0.000294,-0.000731
2014-05-29,2014-05-28,1,0.000734,-0.005832,0.006566,-0.000731,-0.002836,-0.001374,0.005160
2014-05-30,2014-05-29,1,-0.003366,0.001765,-0.005132,0.005160,0.005401,-0.000393,0.001610
2014-06-02,2014-05-30,1,0.020532,0.009870,0.010663,0.001610,-0.001256,-0.000098,0.001141
2014-06-03,2014-06-02,1,0.006562,0.010200,-0.003638,0.001141,-0.001278,0.005682,-0.000518
2014-06-04,2014-06-03,1,0.002240,0.002203,0.000037,-0.000518,-0.000737,0.001172,0.002021
2014-06-05,2014-06-04,1,0.000757,0.002958,-0.002201,0.002021,0.004139,0.002437,0.006501
2014-06-06,2014-06-05,1,-0.000141,0.003930,-0.004071,0.006501,0.010433,-0.003413,0.004771
2014-06-09,2014-06-06,1,0.003097,0.008393,-0.005296,0.004771,0.005842,0.000879,0.001023
2014-06-10,2014-06-09,1,-0.008579,0.000446,-0.009025,0.001023,0.003428,0.000488,0.000102
2014-06-11,2014-06-10,1,0.004968,0.000355,0.004613,0.000102,0.000406,-0.001660,-0.003483
2014-06-12,2014-06-11,1,-0.006388,-0.008485,0.002098,-0.003483,-0.001400,-0.002837,-0.007105
2014-06-13,2014-06-12,1,0.008268,-0.009565,0.017833,-0.007105,-0.007949,-0.003534,0.003044
2014-06-16,2014-06-13,1,-0.010959,-0.003200,-0.007759,0.003044,0.003025,0.003436,0.000824
2014-06-17,2014-06-16,1,0.002854,0.001987,0.000867,0.000824,0.002421,-0.002158,0.002776
2014-06-18,2014-06-17,1,0.009294,0.002262,0.007031,0.002776,0.003726,0.003040,0.007313
2014-06-19,2014-06-18,1,0.016102,0.001623,0.014479,0.007313,0.005887,-0.002254,0.001120
2014-06-20,2014-06-19,1,-0.000765,-0.000102,-0.000663,0.001120,-0.000805,0.000000,-0.002752
2014-06-23,2014-06-20,1,0.001293,0.004553,-0.003260,-0.002752,0.001996,0.001471,-0.000306
2014-06-24,2014-06-23,1,0.000453,-0.004485,0.004938,-0.000306,0.000147,-0.001275,-0.006042
2014-06-25,2014-06-24,1,-0.007155,-0.005151,-0.002004,-0.006042,-0.004205,0.000392,0.004510
2014-06-26,2014-06-25,1,0.002739,0.003500,-0.000760,0.004510,0.006738,-0.001079,-0.000716
2014-06-27,2014-06-26,1,-0.014044,-0.001160,-0.012885,-0.000716,-0.000162,-0.001277,0.001942
2014-06-30,2014-06-27,1,0.004435,0.004261,0.000175,0.001942,0.004302,-0.003644,-0.000511
2014-07-01,2014-06-30,1,0.010765,0.001156,0.009609,-0.000511,0.002328,-0.000592,0.006671
2014-07-02,2014-07-01,1,0.002852,0.005208,-0.002356,0.006671,0.011384,0.002169,0.001015
2014-07-03,2014-07-02,1,-0.001412,0.004244,-0.005656,0.001015,-0.000206,0.002460,0.004906
2014-07-04,2014-07-03,1,0.005772,0.009214,-0.003443,0.004906,0.006306,0.004021,
2014-07-08,2014-07-07,1,-0.004237,-0.004900,0.000662,-0.003487,-0.007698,-0.002746,-0.006451
2014-07-09,2014-07-08,1,-0.000768,-0.007873,0.007104,-0.006451,-0.013586,-0.002458,0.004474
2014-07-10,2014-07-09,1,-0.005648,0.001022,-0.006670,0.004474,0.006258,0.000492,-0.003965
2014-07-11,2014-07-10,1,-0.003452,-0.007512,0.004061,-0.003965,-0.005180,-0.003055,0.001374
2014-07-14,2014-07-11,1,0.008718,0.002315,0.006403,0.001374,0.004378,0.000493,0.005023
2014-07-15,2014-07-14,1,0.006408,0.003759,0.002649,0.005023,0.005630,0.001676,-0.001874
2014-07-16,2014-07-15,1,-0.001031,-0.001658,0.000627,-0.001874,-0.005426,0.001476,0.003694
2014-07-17,2014-07-16,1,-0.000588,0.002829,-0.003417,0.003694,0.002167,-0.000098,-0.011431
2014-07-18,2014-07-17,1,-0.010106,-0.012846,0.002740,-0.011431,-0.014226,-0.005128,0.010167
2014-07-22,2014-07-21,2,0.008349,0.005290,0.003059,0.008294,0.013939,0.002370,0.004348
2014-07-23,2014-07-22,1,-0.000960,0.001555,-0.002515,0.004348,0.007054,0.000690,0.002218
2014-07-24,2014-07-23,1,-0.002884,0.001416,-0.004300,0.002218,0.003960,0.000099,0.000050
2014-07-25,2014-07-24,1,0.011284,0.003790,0.007494,0.000050,-0.000355,0.003345,-0.004693
2014-07-28,2014-07-25,1,0.004617,-0.002000,0.006617,-0.004693,-0.005055,0.000098,0.000405
2014-07-29,2014-07-28,1,0.005694,0.002276,0.003417,0.000405,-0.001046,0.000295,-0.004307
2014-07-30,2014-07-29,1,0.001801,-0.000076,0.001877,-0.004307,-0.000497,0.002550,0.000152
2014-07-31,2014-07-30,1,-0.001629,0.005516,-0.007145,0.000152,0.004536,0.006540,-0.019946
2014-08-01,2014-07-31,1,-0.006272,-0.007017,0.000746,-0.019946,-0.021088,0.000097,-0.003060
2014-08-04,2014-08-01,1,-0.003136,-0.003127,-0.000010,-0.003060,-0.003928,-0.001753,0.007195
2014-08-05,2014-08-04,1,-0.010014,0.002090,-0.012104,0.007195,0.007154,-0.000292,-0.009744
2014-08-06,2014-08-05,1,-0.010533,-0.003944,-0.006588,-0.009744,-0.007108,0.000097,0.000313
2014-08-07,2014-08-06,1,0.004776,-0.001391,0.006167,0.000313,0.000508,-0.004886,-0.005429
2014-08-08,2014-08-07,1,-0.030258,-0.011133,-0.019125,-0.005429,-0.004621,0.000000,0.011502
2014-08-11,2014-08-08,1,0.023549,0.016394,0.007155,0.011502,0.008254,-0.000490,0.002894
2014-08-12,2014-08-11,1,0.002033,0.002258,-0.000226,0.002894,0.006938,0.001371,-0.001394
2014-08-13,2014-08-12,1,0.003445,-0.003274,0.006718,-0.001394,-0.002748,0.000685,0.006746
2014-08-14,2014-08-13,1,0.006613,0.004640,0.001973,0.006746,0.010171,0.001564,0.004711
2014-08-15,2014-08-14,1,0.000246,0.000168,0.000078,0.004711,0.004249,0.000195,-0.000204
2014-08-18,2014-08-15,1,0.000278,0.000010,0.000268,-0.000204,0.002676,-0.000879,0.008344
2014-08-19,2014-08-18,1,0.008267,0.008406,-0.000139,0.008344,0.009669,0.002147,0.005205
2014-08-20,2014-08-19,1,0.000302,0.002336,-0.002035,0.005205,0.004250,0.003212,0.002668
2014-08-21,2014-08-20,1,0.008489,0.004940,0.003549,0.002668,-0.000228,0.008131,0.002912
2014-08-22,2014-08-21,1,-0.003021,0.002041,-0.005062,0.002912,0.001241,0.000867,-0.001555
2014-08-25,2014-08-22,1,0.004755,0.004510,0.000245,-0.001555,0.001422,0.000963,0.005058
2014-08-26,2014-08-25,1,-0.005912,-0.000231,-0.005681,0.005058,0.004134,0.001058,0.000649
2014-08-27,2014-08-26,1,0.000876,0.002274,-0.001398,0.000649,0.002912,0.000192,-0.000399
2014-08-28,2014-08-27,1,-0.004837,-0.003388,-0.001449,-0.000399,-0.000223,-0.001924,-0.000549
2014-08-29,2014-08-28,1,-0.002284,-0.002330,0.000046,-0.000549,-0.002614,-0.001445,0.002844
2014-09-01,2014-08-29,1,0.003366,0.001943,0.001423,0.002844,0.004942,0.003369,
2014-09-03,2014-09-02,1,0.003806,0.008211,-0.004405,-0.000498,0.003905,0.006876,-0.000548
2014-09-04,2014-09-03,1,-0.003322,-0.001702,-0.001621,-0.000548,-0.005590,-0.002668,-0.001447
2014-09-05,2014-09-04,1,-0.000479,0.007402,-0.007880,-0.001447,-0.002249,0.004475,0.004485
2014-09-08,2014-09-05,1,0.002322,0.003151,-0.000829,0.004485,0.004507,-0.001712,-0.002589
2014-09-09,2014-09-08,1,0.002800,0.005759,-0.002959,-0.002589,0.002045,0.008906,-0.006351
2014-09-10,2014-09-09,1,0.002513,-0.003855,0.006368,-0.006351,-0.008748,0.001508,0.003756
2014-09-11,2014-09-10,1,0.007598,0.005818,0.001780,0.003756,0.007493,0.006009,0.001149
2014-09-12,2014-09-11,1,0.002454,-0.001520,0.003974,0.001149,0.001153,0.002618,-0.005858
2014-09-16,2014-09-15,2,-0.002308,-0.003280,0.000973,-0.006612,-0.016006,0.000560,0.007510
2014-09-17,2014-09-16,1,-0.001438,0.002299,-0.003737,0.007510,0.007465,-0.000373,0.001346
2014-09-18,2014-09-17,1,0.011197,0.009259,0.001937,0.001346,0.002069,0.011602,0.005316
2014-09-19,2014-09-18,1,0.015660,0.006846,0.008814,0.005316,0.006824,0.002948,-0.005565
2014-09-22,2014-09-19,1,-0.007088,-0.002442,-0.004646,-0.005565,-0.002974,0.002940,-0.007753
2014-09-24,2014-09-23,2,-0.002375,-0.006211,0.003835,-0.013494,-0.015646,-0.001193,0.007797
2014-09-25,2014-09-24,1,0.012703,0.009832,0.002871,0.007797,0.010267,0.001193,-0.016267
2014-09-26,2014-09-25,1,-0.008851,-0.017633,0.008782,-0.016267,-0.019613,-0.002480,0.007914
2014-09-29,2014-09-26,1,0.004965,0.006704,-0.001739,0.007914,0.010122,0.004862,-0.001821
2014-09-30,2014-09-29,1,-0.008442,-0.003557,-0.004885,-0.001821,-0.001406,0.001737,-0.002636
2014-10-01,2014-09-30,1,-0.005659,-0.000008,-0.005651,-0.002636,-0.002769,0.001643,-0.013645
2014-10-02,2014-10-01,1,-0.026479,-0.011699,-0.014780,-0.013645,-0.015995,-0.007048,0.000154
2014-10-03,2014-10-02,1,0.002975,-0.002910,0.005885,0.000154,0.001830,-0.004234,0.010949
2014-10-06,2014-10-03,1,0.011538,0.010993,0.000546,0.010949,0.010202,0.012285,-0.001171
2014-10-07,2014-10-06,1,-0.006764,-0.003138,-0.003626,-0.001171,-0.004663,-0.008878,-0.015557
2014-10-08,2014-10-07,1,-0.011973,-0.013345,0.001372,-0.015557,-0.015747,-0.007011,0.017338
2014-10-09,2014-10-08,1,-0.007533,0.005470,-0.013004,0.017338,0.018838,0.000555,-0.020032
2014-10-10,2014-10-09,1,-0.011591,-0.012092,0.000501,-0.020032,-0.020403,-0.002316,-0.011480
2014-10-14,2014-10-13,2,-0.024080,-0.017384,-0.006697,-0.028043,-0.038338,-0.009317,0.001546
2014-10-15,2014-10-14,1,0.009131,0.004891,0.004240,0.001546,0.003201,0.001964,-0.006789
2014-10-16,2014-10-15,1,-0.022485,-0.017964,-0.004521,-0.006789,-0.002807,-0.010707,-0.000859
2014-10-17,2014-10-16,1,-0.014067,0.003924,-0.017990,-0.000859,0.000491,0.003958,0.011742
2014-10-20,2014-10-17,1,0.039050,0.019781,0.019269,0.011742,0.009686,0.005160,0.009663
2014-10-21,2014-10-20,1,-0.020522,0.000269,-0.020790,0.009663,0.013442,0.000655,0.019617
2014-10-22,2014-10-21,1,0.026101,0.015677,0.010424,0.019617,0.023677,0.000280,-0.007136
2014-10-23,2014-10-22,1,-0.003746,-0.006734,0.002989,-0.007136,-0.008323,0.001588,0.011558
2014-10-24,2014-10-23,1,0.010035,0.014127,-0.004093,0.011558,0.015832,0.010307,0.007666
2014-10-27,2014-10-24,1,0.006328,0.007339,-0.001011,0.007666,0.006922,-0.001017,-0.001375
2014-10-28,2014-10-27,1,-0.003829,-0.001655,-0.002174,-0.001375,0.000493,-0.003056,0.011405
2014-10-29,2014-10-28,1,0.014506,0.007311,0.007196,0.011405,0.017317,0.003056,-0.001513
2014-10-30,2014-10-29,1,0.006683,0.002734,0.003948,-0.001513,-0.003305,0.006820,0.006390
2014-10-31,2014-10-30,1,0.047125,0.010099,0.037026,0.006390,0.003710,0.002935,0.011371
2014-11-04,2014-11-03,2,0.026970,0.019254,0.007717,0.011916,0.015811,0.043281,-0.003475
2014-11-05,2014-11-04,1,0.004429,-0.004579,0.009008,-0.003475,-0.003297,-0.003954,0.006296
2014-11-06,2014-11-05,1,-0.008588,0.003309,-0.011897,0.006296,-0.000632,0.009202,0.003995
2014-11-07,2014-11-06,1,0.005221,0.008395,-0.003174,0.003995,0.003834,0.004960,0.000935
2014-11-10,2014-11-07,1,-0.005933,-0.007260,0.001327,0.000935,-0.001281,-0.005833,0.003142
2014-11-11,2014-11-10,1,0.020268,0.005287,0.014981,0.003142,0.004112,0.002790,0.000980
2014-11-12,2014-11-11,1,0.004250,0.007506,-0.003255,0.000980,0.001920,0.007979,-0.001078
2014-11-13,2014-11-12,1,0.011318,-0.000294,0.011612,-0.001078,0.003123,-0.002595,0.001127
2014-11-14,2014-11-13,1,0.005621,0.007318,-0.001697,0.001127,0.001069,0.002249,0.000245
2014-11-17,2014-11-14,1,-0.030006,-0.006277,-0.023729,0.000245,0.001793,0.004655,0.000636
2014-11-18,2014-11-17,1,0.021579,0.012589,0.008990,0.000636,-0.003748,0.003177,0.005757
2014-11-19,2014-11-18,1,-0.003194,0.002318,-0.005512,0.005757,0.006708,0.001884,-0.001607
2014-11-20,2014-11-19,1,0.000700,0.006856,-0.006156,-0.001607,-0.005701,0.009454,0.001753
2014-11-21,2014-11-20,1,0.003269,-0.000875,0.004145,0.001753,0.005579,0.001948,0.005336
2014-11-25,2014-11-24,2,0.002883,0.007626,-0.004744,0.008139,0.011213,0.000507,-0.000724
2014-11-26,2014-11-25,1,-0.001382,-0.003433,0.002051,-0.000724,0.000706,-0.002455,0.002556
2014-11-27,2014-11-26,1,-0.007801,-0.004213,-0.003587,0.002556,0.006091,-0.002121,
2014-12-01,2014-11-28,1,0.007432,0.000873,0.006559,-0.002121,0.000900,0.007872,-0.006974
2014-12-02,2014-12-01,1,0.004148,-0.006218,0.010367,-0.006974,-0.013506,-0.001857,0.006443
2014-12-03,2014-12-02,1,0.003234,0.006148,-0.002914,0.006443,0.006002,0.006735,0.003856
2014-12-04,2014-12-03,1,0.009368,0.009071,0.000296,0.003856,0.003916,0.004854,-0.001107
2014-12-05,2014-12-04,1,0.001857,-0.003661,0.005517,-0.001107,-0.001054,0.000083,0.001636
2014-12-08,2014-12-05,1,0.000847,0.004688,-0.003841,0.001636,0.002371,0.013517,-0.006705
2014-12-09,2014-12-08,1,-0.006840,-0.006455,-0.000385,-0.006705,-0.008417,-0.006114,-0.000678
2014-12-10,2014-12-09,1,-0.022757,-0.010725,-0.012032,-0.000678,0.005423,-0.008154,-0.016161
2014-12-11,2014-12-10,1,-0.008952,-0.013418,0.004467,-0.016161,-0.017449,-0.015832,0.005057
2014-12-12,2014-12-11,1,0.006595,0.003487,0.003107,0.005057,0.005140,0.007105,-0.016293
2014-12-15,2014-12-12,1,-0.015792,-0.015085,-0.000707,-0.016293,-0.011656,0.001011,-0.006893
2014-12-16,2014-12-15,1,-0.020328,-0.013956,-0.006372,-0.006893,-0.010464,-0.008201,-0.008052
2014-12-17,2014-12-16,1,0.003837,-0.003946,0.007782,-0.008052,-0.012527,-0.012042,0.019415
2014-12-18,2014-12-17,1,0.022941,0.019034,0.003907,0.019415,0.020993,0.019147,0.024428
2014-12-19,2014-12-18,1,0.023621,0.017336,0.006284,0.024428,0.022165,0.001516,-0.001258
2014-12-22,2014-12-19,1,0.000779,0.003633,-0.002853,-0.001258,0.003570,0.005623,0.004589
2014-12-24,2014-12-23,2,0.012347,0.011664,0.000683,0.005938,0.000008,0.009827,0.000096
2014-12-25,2014-12-24,1,-0.002551,-0.002770,0.000220,0.000096,0.001688,-0.001576,
2014-12-29,2014-12-26,1,-0.005014,0.005350,-0.010364,0.003220,0.006971,0.002578,0.001342
2014-12-30,2014-12-29,1,-0.015865,-0.001565,-0.014301,0.001342,0.000010,0.002157,-0.005380
2015-01-05,2015-01-02,3,-0.002413,-0.007194,0.004781,-0.015888,-0.016804,-0.001327,-0.018225
2015-01-06,2015-01-05,1,-0.030652,-0.017800,-0.012852,-0.018225,-0.015831,-0.007163,-0.009464
2015-01-07,2015-01-06,1,0.000127,-0.004448,0.004575,-0.009464,-0.012943,-0.010419,0.012384
2015-01-08,2015-01-07,1,0.016550,0.010725,0.005825,0.012384,0.012491,0.007238,0.017589
2015-01-09,2015-01-08,1,0.001783,0.008794,-0.007012,0.017589,0.018265,0.003349,-0.008046
2015-01-13,2015-01-12,2,-0.006418,-0.013278,0.006861,-0.015910,-0.015207,-0.011178,-0.002817
2015-01-14,2015-01-13,1,-0.017221,-0.007395,-0.009827,-0.002817,-0.000688,-0.003386,-0.006056
2015-01-15,2015-01-14,1,0.018449,0.004573,0.013875,-0.006056,-0.004769,-0.005101,-0.009203
2015-01-16,2015-01-15,1,-0.014396,-0.017437,0.003041,-0.009203,-0.014875,-0.009937,0.013029
2015-01-19,2015-01-16,1,0.008863,0.008069,0.000794,0.013029,0.013810,0.012406,
2015-01-21,2015-01-20,1,-0.004954,-0.003321,-0.001633,0.002130,0.004407,0.010493,0.005035
2015-01-22,2015-01-21,1,0.002805,0.001513,0.001292,0.005035,0.002697,-0.007266,0.014762
2015-01-23,2015-01-22,1,0.010490,0.010996,-0.000507,0.014762,0.017622,0.004653,-0.005498
2015-01-26,2015-01-23,1,-0.002472,-0.012992,0.010520,-0.005498,0.001573,-0.006265,0.002339
2015-01-27,2015-01-26,1,0.017016,0.010301,0.006714,0.002339,0.002913,0.006012,-0.013278
2015-01-28,2015-01-27,1,0.001543,-0.008612,0.010155,-0.013278,-0.019097,-0.005078,-0.012907
2015-01-29,2015-01-28,1,-0.010706,-0.007265,-0.003441,-0.012907,-0.009337,-0.002719,0.009201
2015-01-30,2015-01-29,1,0.003864,0.010313,-0.006449,0.009201,0.009745,0.006192,-0.012655
2015-02-02,2015-01-30,1,-0.006605,-0.007826,0.001221,-0.012655,-0.010338,-0.006958,0.012308
2015-02-03,2015-02-02,1,-0.012735,0.005484,-0.018220,0.012308,0.008903,0.001191,0.014358
2015-02-04,2015-02-03,1,0.019586,0.012237,0.007349,0.014358,0.010857,-0.000255,-0.003815
2015-02-05,2015-02-04,1,-0.009898,-0.005077,-0.004821,-0.003815,-0.002338,-0.002470,0.010044
2015-02-06,2015-02-05,1,0.008186,0.010884,-0.002698,0.010044,0.010209,0.002130,-0.002769
2015-02-09,2015-02-06,1,0.003588,0.008003,-0.004416,-0.002769,-0.004354,0.012264,-0.004486
2015-02-10,2015-02-09,1,-0.003351,-0.002785,-0.000566,-0.004486,-0.003884,-0.002778,0.010597
2015-02-12,2015-02-11,2,0.018357,0.013880,0.004477,0.011177,0.015780,0.015225,0.009571
2015-02-13,2015-02-12,1,-0.003698,-0.004885,0.001188,0.009571,0.011685,-0.011271,0.004108
2015-02-16,2015-02-13,1,0.005090,0.006158,-0.001068,0.004108,0.007431,-0.003196,
2015-02-18,2015-02-17,1,0.011722,0.006478,0.005244,0.001572,0.001109,0.006395,0.000095
2015-02-19,2015-02-18,1,0.003599,0.002096,0.001503,0.000095,0.001446,-0.003697,-0.000714
2015-02-20,2015-02-19,1,0.003689,0.003918,-0.000229,-0.000714,0.003731,0.001346,0.005983
2015-02-23,2015-02-20,1,0.007316,0.009083,-0.001767,0.005983,0.006330,0.000588,-0.000142
2015-02-24,2015-02-23,1,0.007368,0.000080,0.007288,-0.000142,0.001008,-0.001682,0.002837
2015-02-25,2015-02-24,1,-0.000983,0.001765,-0.002748,0.002837,0.001440,0.001346,-0.000850
2015-02-26,2015-02-25,1,0.010735,0.000144,0.010592,-0.000850,-0.000197,-0.001093,-0.001182
2015-02-27,2015-02-26,1,0.000647,0.003109,-0.002462,-0.001182,0.004169,0.004785,-0.003412
2015-03-02,2015-02-27,1,0.001538,0.003794,-0.002256,-0.003412,-0.004896,0.000837,0.006294
2015-03-03,2015-03-02,1,-0.000623,0.004433,-0.005055,0.006294,0.008939,0.005091,-0.004112
2015-03-04,2015-03-03,1,-0.005947,-0.005242,-0.000704,-0.004112,-0.005647,-0.003336,-0.004225
2015-03-05,2015-03-04,1,0.002576,-0.002432,0.005008,-0.004225,-0.002566,-0.000585,0.001093
2015-03-06,2015-03-05,1,0.011620,0.003355,0.008265,0.001093,0.003150,0.004004,-0.014164
2015-03-09,2015-03-06,1,-0.009557,-0.005181,-0.004376,-0.014164,-0.011189,0.005810,0.004136
2015-03-10,2015-03-09,1,-0.006698,0.005332,-0.012030,0.004136,0.003054,0.002645,-0.016355
2015-03-11,2015-03-10,1,0.003124,-0.003233,0.006357,-0.016355,-0.016862,-0.000165,-0.002344
2015-03-12,2015-03-11,1,0.014190,0.003390,0.010801,-0.002344,-0.002031,0.002556,0.012634
2015-03-13,2015-03-12,1,0.013761,0.006742,0.007019,0.012634,0.008899,-0.001318,-0.006151
2015-03-16,2015-03-13,1,-0.000425,-0.000461,0.000035,-0.006151,-0.004410,0.000824,0.013272
2015-03-17,2015-03-16,1,0.009872,0.009300,0.000572,0.013272,0.011784,-0.000494,-0.002977
2015-03-18,2015-03-17,1,0.005514,-0.001505,0.007020,-0.002977,0.001607,0.000247,0.011950
2015-03-19,2015-03-18,1,-0.003481,-0.001528,-0.001953,0.011950,0.009151,-0.010437,-0.004572
2015-03-20,2015-03-19,1,0.004286,0.000162,0.004125,-0.004572,0.001915,0.005729,0.004334
2015-03-23,2015-03-20,1,0.009876,0.002439,0.007438,0.004334,0.006795,-0.006229,-0.001950
2015-03-24,2015-03-23,1,-0.002073,-0.001792,-0.000281,-0.001950,-0.003078,-0.002503,-0.005635
2015-03-25,2015-03-24,1,0.001660,0.001637,0.000023,-0.005635,-0.003246,-0.000084,-0.014762
2015-03-26,2015-03-25,1,-0.014029,-0.007146,-0.006883,-0.014762,-0.023952,-0.002007,-0.002384
2015-03-27,2015-03-26,1,-0.009572,-0.004963,-0.004609,-0.002384,-0.002702,-0.002514,0.002287
2015-03-30,2015-03-27,1,0.006500,0.000497,0.006004,0.002287,0.005712,-0.000671,0.012126
2015-03-31,2015-03-30,1,-0.010586,0.009283,-0.019869,0.012126,0.011429,0.008028,-0.008778
2015-04-01,2015-03-31,1,-0.009003,-0.004030,-0.004974,-0.008778,-0.009455,0.000500,-0.003543
2015-04-02,2015-04-01,1,0.014497,0.005610,0.008886,-0.003543,-0.004222,-0.003085,0.003591
2015-04-03,2015-04-02,1,0.006312,-0.001231,0.007543,0.003591,0.001374,-0.000418,
2015-04-07,2015-04-06,1,0.012427,0.007245,0.005182,0.006711,0.006197,0.004696,-0.002650
2015-04-08,2015-04-07,1,0.007571,0.004529,0.003042,-0.002650,-0.001443,0.006172,0.003371
2015-04-09,2015-04-08,1,0.007446,0.003093,0.004353,0.003371,0.008232,-0.001165,0.004414
2015-04-10,2015-04-09,1,-0.001510,0.002596,-0.004107,0.004414,0.004784,0.003739,0.005442
2015-04-13,2015-04-10,1,-0.000109,0.002997,-0.003106,0.005442,0.004297,-0.002990,-0.004533
2015-04-14,2015-04-13,1,0.000162,-0.003866,0.004028,-0.004533,-0.001548,-0.000915,0.001911
2015-04-15,2015-04-14,1,-0.001957,-0.003530,0.001573,0.001911,-0.002200,-0.006181,0.004477
2015-04-16,2015-04-15,1,0.000805,-0.000366,0.001172,0.004477,0.006754,-0.001929,-0.000285
2015-04-17,2015-04-16,1,-0.011781,-0.003797,-0.007983,-0.000285,-0.000645,-0.001176,-0.011570
2015-04-20,2015-04-17,1,-0.000936,-0.007758,0.006822,-0.011570,-0.015289,-0.000757,0.009095
2015-04-21,2015-04-20,1,0.013889,0.004932,0.008957,0.009095,0.012651,0.002352,-0.001192
2015-04-22,2015-04-21,1,0.011229,0.004548,0.006681,-0.001192,0.003897,0.004019,0.004902
2015-04-23,2015-04-22,1,0.002666,0.004627,-0.001961,0.004902,0.004193,0.002004,0.002513
2015-04-24,2015-04-23,1,-0.008337,-0.002241,-0.006097,0.002513,0.004140,-0.002840,0.002318
2015-04-27,2015-04-24,1,-0.001836,0.002183,-0.004019,0.002318,0.007101,-0.004947,-0.004166
2015-04-28,2015-04-27,1,0.003778,0.004261,-0.000483,-0.004166,-0.006272,0.000504,0.003174
2015-04-30,2015-04-29,2,-0.027235,-0.010597,-0.016638,-0.000949,-0.007261,-0.000084,-0.010071
2015-05-01,2015-04-30,1,0.000595,-0.000469,0.001064,-0.010071,-0.016502,0.002685,0.010783
2015-05-07,2015-05-06,4,-0.012345,-0.009009,-0.003336,-0.002017,-0.004417,0.000754,0.003982
2015-05-08,2015-05-07,1,0.004510,0.001225,0.003285,0.003982,0.005251,0.002509,0.013080
2015-05-11,2015-05-08,1,0.012396,0.013245,-0.000849,0.013080,0.011662,0.000501,-0.004784
2015-05-12,2015-05-11,1,0.000200,-0.000646,0.000847,-0.004784,-0.001997,0.002335,-0.002996
2015-05-13,2015-05-12,1,0.007102,-0.002862,0.009964,-0.002996,-0.003487,-0.001834,0.000191
2015-05-14,2015-05-13,1,-0.009888,-0.005235,-0.004653,0.000191,0.001105,-0.005942,0.010374
2015-05-15,2015-05-14,1,0.008278,0.006262,0.002016,0.010374,0.013777,-0.000084,0.001083
2015-05-18,2015-05-15,1,0.007942,0.001683,0.006259,0.001083,-0.000497,0.001174,0.003102
2015-05-19,2015-05-18,1,0.006820,0.004358,0.002462,0.003102,0.005955,0.005935,-0.000329
2015-05-20,2015-05-19,1,0.008462,0.007423,0.001039,-0.000329,-0.001657,0.005900,-0.000704
2015-05-21,2015-05-20,1,0.000312,0.000935,-0.000623,-0.000704,0.000337,0.005371,0.002908
2015-05-22,2015-05-21,1,0.003041,0.000296,0.002746,0.002908,0.003749,-0.002641,-0.002392
2015-05-25,2015-05-22,1,0.007344,0.003326,0.004018,-0.002392,-0.000281,0.004205,
2015-05-27,2015-05-26,1,0.001716,-0.002785,0.004501,-0.010810,-0.011186,0.012509,0.009447
2015-05-28,2015-05-27,1,0.003846,0.005733,-0.001887,0.009447,0.014565,0.004620,-0.001129
2015-05-29,2015-05-28,1,0.000569,-0.002006,0.002575,-0.001129,-0.001687,0.002343,-0.006232
2015-06-01,2015-05-29,1,0.000327,-0.005785,0.006112,-0.006232,-0.005500,0.001371,0.002035
2015-06-02,2015-06-01,1,-0.001298,0.001690,-0.002988,0.002035,0.002543,0.005224,-0.000993
2015-06-03,2015-06-02,1,-0.003398,-0.004882,0.001484,-0.000993,-0.001262,-0.005465,0.002646
2015-06-04,2015-06-03,1,0.000717,0.003239,-0.002523,0.002646,0.004464,0.001289,-0.008482
2015-06-05,2015-06-04,1,-0.001333,-0.004375,0.003042,-0.008482,-0.007897,0.000965,-0.001715
2015-06-08,2015-06-05,1,-0.000181,0.003754,-0.003935,-0.001715,0.001844,0.010001,-0.006169
2015-06-09,2015-06-08,1,-0.017799,-0.008056,-0.009743,-0.006169,-0.009282,-0.009117,-0.000144
2015-06-10,2015-06-09,1,-0.002488,0.001495,-0.003983,-0.000144,-0.001549,-0.001206,0.011922
2015-06-11,2015-06-10,1,0.016652,0.006823,0.009829,0.011922,0.012453,-0.013524,0.003218
2015-06-12,2015-06-11,1,0.001182,0.002392,-0.001210,0.003218,0.001146,0.006015,-0.007684
2015-06-15,2015-06-12,1,-0.000946,-0.009947,0.009001,-0.007684,-0.006199,-0.000162,-0.004295
2015-06-16,2015-06-15,1,-0.006389,-0.002699,-0.003690,-0.004295,-0.004192,0.000324,0.005437
2015-06-17,2015-06-16,1,-0.001911,0.002375,-0.004285,0.005437,0.005073,-0.000567,0.001616
2015-06-18,2015-06-17,1,-0.011363,-0.001271,-0.010092,0.001616,0.001844,0.000567,0.010346
2015-06-19,2015-06-18,1,0.009133,0.008051,0.001083,0.010346,0.013350,-0.003734,-0.009302
2015-06-22,2015-06-19,1,0.012509,-0.000005,0.012514,-0.009302,-0.003112,-0.002443,0.005110
2015-06-23,2015-06-22,1,0.018490,0.005835,0.012655,0.005110,0.007199,0.005772,0.000708
2015-06-24,2015-06-23,1,0.002813,0.003832,-0.001020,0.000708,0.001189,0.004691,-0.007289
2015-06-25,2015-06-24,1,-0.004641,-0.004339,-0.000303,-0.007289,-0.007331,-0.000807,-0.003045
2015-06-26,2015-06-25,1,-0.003146,-0.000625,-0.002522,-0.003045,-0.001997,-0.001940,-0.000191
2015-06-29,2015-06-26,1,-0.029216,-0.019516,-0.009700,-0.000191,-0.006216,0.002021,-0.021193
2015-06-30,2015-06-29,1,0.006235,0.003210,0.003025,-0.021193,-0.024314,-0.010715,0.002091
2015-07-01,2015-06-30,1,0.004614,0.002730,0.001884,0.002091,0.005711,-0.000327,0.007984
2015-07-02,2015-07-01,1,0.009458,0.011572,-0.002114,0.007984,0.005250,0.005374,-0.000916
2015-07-03,2015-07-02,1,0.000842,-0.002235,0.003077,-0.000916,-0.000780,-0.000894,
2015-07-07,2015-07-06,1,0.013064,0.011966,0.001098,-0.002850,-0.003454,-0.002038,0.006269
2015-07-08,2015-07-07,1,-0.031859,-0.004629,-0.027230,0.006269,0.001105,-0.000163,-0.016920
2015-07-09,2015-07-08,1,0.005954,-0.016081,0.022034,-0.016920,-0.017705,-0.015048,0.001807
2015-07-10,2015-07-09,1,-0.003818,-0.001289,-0.002530,0.001807,0.002571,0.005206,0.012513
2015-07-13,2015-07-10,1,0.015548,0.007559,0.007989,0.012513,0.015182,0.011554,0.010977
2015-07-14,2015-07-13,1,0.014605,0.013132,0.001473,0.010977,0.014661,0.005525,0.004329
2015-07-15,2015-07-14,1,0.003819,0.004577,-0.000758,0.004329,0.006560,-0.000567,-0.000332
2015-07-16,2015-07-15,1,0.006662,0.006121,0.000541,-0.000332,-0.001166,0.003318,0.007992
2015-07-17,2015-07-16,1,0.002463,0.002255,0.000208,0.007992,0.012520,0.003066,0.000847
2015-07-21,2015-07-20,2,0.009209,0.005428,0.003781,0.001365,0.010726,0.000886,-0.003959
2015-07-22,2015-07-21,1,-0.011985,-0.008876,-0.003109,-0.003959,-0.002060,-0.003063,-0.001796
2015-07-23,2015-07-22,1,0.004374,0.004839,-0.000465,-0.001796,-0.007004,0.000565,-0.005646
2015-07-24,2015-07-23,1,-0.006763,-0.003891,-0.002873,-0.005646,-0.004916,-0.000404,-0.010426
2015-07-27,2015-07-24,1,-0.009509,-0.008333,-0.001176,-0.010426,-0.011291,-0.000807,-0.005834
2015-07-28,2015-07-27,1,-0.001043,-0.007969,0.006926,-0.005834,-0.009646,-0.004615,0.012208
2015-07-29,2015-07-28,1,-0.001279,0.004750,-0.006029,0.012208,0.009760,0.002675,0.006856
2015-07-30,2015-07-29,1,0.010774,0.007248,0.003525,0.006856,0.004415,0.002990,0.000237
2015-07-31,2015-07-30,1,0.003036,-0.000794,0.003830,0.000237,0.003330,0.001774,-0.001519
2015-08-03,2015-07-31,1,-0.001805,-0.002190,0.000385,-0.001519,-0.000097,-0.001774,-0.003379
2015-08-04,2015-08-03,1,-0.001351,-0.004191,0.002839,-0.003379,-0.002519,0.000726,-0.001956
2015-08-05,2015-08-04,1,0.004556,-0.001473,0.006029,-0.001956,-0.001924,0.002979,0.003290
2015-08-06,2015-08-05,1,0.002441,0.007477,-0.005036,0.003290,0.006713,0.004012,-0.008221
2015-08-07,2015-08-06,1,0.002905,-0.003047,0.005952,-0.008221,-0.016379,-0.001202,-0.001922
2015-08-10,2015-08-07,1,0.004051,-0.005140,0.009191,-0.001922,-0.002554,-0.004178,0.012521
2015-08-11,2015-08-10,1,-0.004235,0.005364,-0.009599,0.012521,0.011485,0.003215,-0.009064
2015-08-12,2015-08-11,1,-0.015955,-0.004259,-0.011696,-0.009064,-0.012824,0.003925,0.001197
2015-08-13,2015-08-12,1,0.009895,-0.000011,0.009906,0.001197,0.001508,-0.007220,-0.001245
2015-08-14,2015-08-13,1,-0.003702,-0.003755,0.000053,-0.001245,-0.002149,0.001689,0.003636
2015-08-17,2015-08-14,1,0.004901,0.003926,0.000975,0.003636,0.002910,-0.000885,0.005571
2015-08-18,2015-08-17,1,-0.003196,0.000985,-0.004181,0.005571,0.008574,0.000643,-0.002901
2015-08-19,2015-08-18,1,-0.016276,-0.004241,-0.012035,-0.002901,-0.006374,0.000080,-0.007937
2015-08-20,2015-08-19,1,-0.009395,-0.001404,-0.007992,-0.007937,-0.007997,-0.004916,-0.021102
2015-08-21,2015-08-20,1,-0.030289,-0.016213,-0.014076,-0.021102,-0.028610,-0.003237,-0.030565
2015-08-24,2015-08-21,1,-0.047151,-0.018737,-0.028414,-0.030565,-0.035784,-0.011166,-0.043019
2015-08-25,2015-08-24,1,-0.040392,-0.020104,-0.020288,-0.043019,-0.038953,-0.030119,-0.011838
2015-08-26,2015-08-25,1,0.031516,0.004907,0.026609,-0.011838,-0.004375,0.003962,0.037675
2015-08-27,2015-08-26,1,0.010696,0.016388,-0.005692,0.037675,0.041520,0.008712,0.024434
2015-08-28,2015-08-27,1,0.029802,0.017837,0.011964,0.024434,0.024221,0.009380,0.000050
2015-08-31,2015-08-28,1,-0.012930,-0.006782,-0.006148,0.000050,0.003238,0.005521,-0.008112
2015-09-01,2015-08-31,1,-0.039123,-0.006733,-0.032391,-0.008112,-0.010788,-0.003952,-0.030302
2015-09-02,2015-09-01,1,-0.003877,-0.016870,0.012993,-0.030302,-0.029837,-0.015463,0.018803
2015-09-03,2015-09-02,1,0.004796,0.014491,-0.009695,0.018803,0.024267,0.008011,0.000716
2015-09-04,2015-09-03,1,-0.021696,0.007110,-0.028806,0.000716,-0.003476,-0.002163,-0.015253
2015-09-07,2015-09-04,1,0.003832,-0.006617,0.010449,-0.015253,-0.010530,-0.008952,
2015-09-09,2015-09-08,1,0.074262,0.018818,0.055444,0.024820,0.026963,0.004267,-0.013462
2015-09-10,2015-09-09,1,-0.025407,-0.018924,-0.006483,-0.013462,-0.011580,0.005827,0.005427
2015-09-11,2015-09-10,1,-0.001936,-0.007895,0.005959,0.005427,0.008316,0.000913,0.004534
2015-09-14,2015-09-11,1,-0.016480,0.004196,-0.020675,0.004534,0.005425,-0.000332,-0.003717
2015-09-15,2015-09-14,1,0.003377,0.006492,-0.003115,-0.003717,-0.003444,-0.002741,0.012422
2015-09-16,2015-09-15,1,0.008018,0.011674,-0.003656,0.012422,0.011330,0.001662,0.008629
2015-09-17,2015-09-16,1,0.014243,0.010423,0.003820,0.008629,0.005891,0.001079,-0.002250
2015-09-18,2015-09-17,1,-0.019838,-0.008543,-0.011296,-0.002250,0.000963,-0.004740,-0.021662
2015-09-24,2015-09-23,4,-0.027968,-0.014875,-0.013093,-0.031172,-0.029278,0.002497,-0.003622
2015-09-25,2015-09-24,1,0.017414,0.002641,0.014773,-0.003622,-0.003849,-0.001831,-0.000259
2015-09-28,2015-09-25,1,-0.013253,-0.003888,-0.009364,-0.000259,-0.010186,0.004073,-0.025418
2015-09-29,2015-09-28,1,-0.041322,-0.016326,-0.024996,-0.025418,-0.030885,-0.005323,0.000585
2015-09-30,2015-09-29,1,0.026652,0.015414,0.011238,0.000585,-0.005882,-0.001669,0.018486
2015-10-01,2015-09-30,1,0.019042,0.005267,0.013775,0.018486,0.022510,0.001085,0.002606
2015-10-02,2015-10-01,1,0.000153,-0.008957,0.009110,0.002606,0.001497,0.000667,0.014827
2015-10-05,2015-10-02,1,0.015693,0.010990,0.004704,0.014827,0.017288,-0.000250,0.017638
2015-10-06,2015-10-05,1,0.009981,0.016356,-0.006375,0.017638,0.015490,0.004660,-0.003432
2015-10-07,2015-10-06,1,0.007498,-0.000985,0.008483,-0.003432,-0.006905,-0.001828,0.008157
2015-10-08,2015-10-07,1,-0.009972,-0.000675,-0.009297,0.008157,0.008971,-0.001915,0.008986
2015-10-09,2015-10-08,1,0.016266,0.007706,0.008560,0.008986,0.004091,-0.000750,0.000596
2015-10-13,2015-10-12,2,-0.011122,-0.005630,-0.005491,0.001539,0.005772,0.000917,-0.006322
2015-10-14,2015-10-13,1,-0.019031,-0.007049,-0.011982,-0.006322,-0.008724,-0.002419,-0.004806
2015-10-15,2015-10-14,1,0.011443,-0.004824,0.016266,-0.004806,-0.002873,-0.007629,0.015238
2015-10-16,2015-10-15,1,0.010712,0.011206,-0.000494,0.015238,0.018078,0.000421,0.004536
2015-10-19,2015-10-16,1,-0.008817,-0.000493,-0.008324,0.004536,0.003401,0.004616,0.000492
2015-10-20,2015-10-19,1,0.004179,0.006285,-0.002106,0.000492,0.003836,0.000502,-0.001279
2015-10-21,2015-10-20,1,0.018886,-0.002172,0.021059,-0.001279,-0.005007,0.002842,-0.006223
2015-10-22,2015-10-21,1,-0.006402,-0.005978,-0.000424,-0.006223,-0.008404,0.000918,0.016753
2015-10-23,2015-10-22,1,0.020903,0.017570,0.003334,0.016753,0.016379,0.006068,0.010902
2015-10-26,2015-10-23,1,0.006450,0.011137,-0.004687,0.010902,0.022471,0.006526,-0.002461
2015-10-27,2015-10-26,1,-0.009017,0.000741,-0.009758,-0.002461,0.000564,-0.003134,-0.001934
2015-10-28,2015-10-27,1,0.006687,0.002654,0.004033,-0.001934,-0.000904,-0.005134,0.011310
2015-10-29,2015-10-28,1,0.001728,0.007544,-0.005816,0.011310,0.012945,0.005052,-0.000574
2015-10-30,2015-10-29,1,0.007754,-0.000602,0.008356,-0.000574,-0.004212,0.000495,-0.004319
2015-11-02,2015-10-30,1,-0.021176,-0.013505,-0.007671,-0.004319,-0.004052,-0.004220,0.011761
2015-11-04,2015-11-03,2,0.012958,0.013719,-0.000761,0.014657,0.017920,0.003641,-0.003038
2015-11-05,2015-11-04,1,0.009962,0.005403,0.004560,-0.003038,-0.000515,0.003957,-0.000999
2015-11-06,2015-11-05,1,0.007774,0.004068,0.003706,-0.000999,-0.002870,0.001726,-0.000524
2015-11-09,2015-11-06,1,0.019387,0.007545,0.011842,-0.000524,0.003772,0.011353,-0.009375
2015-11-10,2015-11-09,1,0.001451,-0.009498,0.010949,-0.009375,-0.010119,0.000325,0.002304
2015-11-11,2015-11-10,1,0.001023,-0.003527,0.004549,0.002304,-0.002370,-0.000406,-0.003939
2015-11-12,2015-11-11,1,0.000324,-0.002376,0.002700,-0.003939,-0.003196,-0.002440,-0.014058
2015-11-13,2015-11-12,1,-0.005134,-0.010334,0.005201,-0.014058,-0.012299,-0.001874,-0.011292
2015-11-16,2015-11-13,1,-0.010424,-0.017136,0.006712,-0.011292,-0.015545,0.000245,0.015092
2015-11-17,2015-11-16,1,0.012143,0.012706,-0.000562,0.015092,0.011448,0.004313,-0.000730
2015-11-18,2015-11-17,1,0.000945,0.007169,-0.006224,-0.000730,0.000281,0.002271,0.015741
2015-11-19,2015-11-18,1,0.010662,0.010231,0.000432,0.015741,0.017728,0.001457,-0.000863
2015-11-20,2015-11-19,1,0.001007,-0.003006,0.004013,-0.000863,-0.000307,-0.006167,0.003638
2015-11-24,2015-11-23,2,0.002265,-0.000192,0.002457,0.002490,0.005668,-0.000244,0.001338
2015-11-25,2015-11-24,1,-0.003888,-0.003421,-0.000466,0.001338,0.000065,-0.002527,-0.000143
2015-11-26,2015-11-25,1,0.004867,0.004143,0.000724,-0.000143,0.002609,0.001550,
2015-11-30,2015-11-27,1,-0.006887,-0.001337,-0.005550,0.001146,0.002222,0.001793,-0.004160
2015-12-01,2015-11-30,1,0.013327,0.002610,0.010717,-0.004160,-0.003683,0.002115,0.009490
2015-12-02,2015-12-01,1,-0.003718,-0.002747,-0.000971,0.009490,0.009282,-0.001870,-0.010257
2015-12-03,2015-12-02,1,0.000089,-0.002184,0.002273,-0.010257,-0.006438,0.003170,-0.014102
2015-12-04,2015-12-03,1,-0.022079,-0.016351,-0.005728,-0.014102,-0.016867,-0.005288,0.019315
2015-12-07,2015-12-04,1,0.009881,0.010502,-0.000621,0.019315,0.020579,0.004639,-0.006077
2015-12-08,2015-12-07,1,-0.010490,-0.000420,-0.010069,-0.006077,-0.007899,0.001704,-0.006742
2015-12-09,2015-12-08,1,-0.009874,-0.005200,-0.004674,-0.006742,-0.000700,-0.003817,-0.007810
2015-12-10,2015-12-09,1,-0.013275,-0.012043,-0.001231,-0.007810,-0.014896,-0.012115,0.002578
2015-12-11,2015-12-10,1,0.009611,-0.001355,0.010966,0.002578,0.004432,0.001317,-0.019571
2015-12-14,2015-12-11,1,-0.018212,-0.018018,-0.000194,-0.019571,-0.022389,-0.005940,0.005040
2015-12-15,2015-12-14,1,-0.016958,-0.000762,-0.016196,0.005040,0.003795,0.001323,0.010443
2015-12-16,2015-12-15,1,0.025736,0.016151,0.009584,0.010443,0.008672,0.005192,0.014526
2015-12-17,2015-12-16,1,0.015814,0.016383,-0.000569,0.014526,0.015054,0.004511,-0.015355
2015-12-18,2015-12-17,1,-0.019132,-0.001712,-0.017421,-0.015355,-0.013616,0.002860,-0.023909
2015-12-21,2015-12-18,1,-0.003735,-0.007470,0.003735,-0.023909,-0.016013,-0.011077,0.008215
2015-12-22,2015-12-21,1,-0.001551,0.000626,-0.002177,0.008215,0.009268,-0.000413,0.009033
2015-12-24,2015-12-23,2,-0.005150,0.009732,-0.014882,0.021341,0.015379,-0.001983,-0.001652
2015-12-25,2015-12-24,1,-0.001099,0.001820,-0.002918,-0.001652,0.000507,-0.004061,
2015-12-29,2015-12-28,1,0.005752,-0.001589,0.007341,-0.002288,-0.001489,-0.000166,0.010615
2015-12-30,2015-12-29,1,0.002708,0.004657,-0.001948,0.010615,0.013196,0.000664,-0.007113
2016-01-04,2015-12-31,2,-0.031094,-0.011367,-0.019727,-0.017167,-0.019877,-0.001329,-0.014078
2016-01-05,2016-01-04,1,-0.004181,-0.002834,-0.001347,-0.014078,-0.021053,-0.007342,0.001690
2016-01-06,2016-01-05,1,-0.009992,0.001988,-0.011980,0.001690,-0.002381,-0.003103,-0.012694
2016-01-07,2016-01-06,1,-0.023583,-0.002838,-0.020745,-0.012694,-0.011444,-0.004968,-0.024284
2016-01-08,2016-01-07,1,-0.003913,-0.011611,0.007699,-0.024284,-0.030729,-0.006776,-0.011037
2016-01-12,2016-01-11,2,-0.027438,-0.012911,-0.014527,-0.010048,-0.011030,0.000765,0.008036
2016-01-13,2016-01-12,1,0.028436,0.013278,0.015158,0.008036,0.010281,-0.001105,-0.025257
2016-01-14,2016-01-13,1,-0.027160,-0.018844,-0.008316,-0.025257,-0.034710,0.000340,0.016284
2016-01-15,2016-01-14,1,-0.005458,0.016196,-0.021654,0.016284,0.019460,0.003224,-0.021700
2016-01-18,2016-01-15,1,-0.011233,-0.018849,0.007616,-0.021700,-0.027811,-0.008422,
2016-01-20,2016-01-19,1,-0.037787,-0.001062,-0.036725,0.001330,-0.002559,0.002639,-0.012898
2016-01-21,2016-01-20,1,-0.024601,0.003082,-0.027683,-0.012898,-0.001176,-0.006055,0.005586
2016-01-22,2016-01-21,1,0.057104,0.019748,0.037356,0.005586,0.000083,0.006565,0.020308
2016-01-25,2016-01-22,1,0.008945,0.010983,-0.002038,0.020308,0.026288,0.009220,-0.015232
2016-01-26,2016-01-25,1,-0.023775,-0.016367,-0.007407,-0.015232,-0.015959,-0.004134,0.013551
2016-01-27,2016-01-26,1,0.026868,0.014279,0.012589,0.013551,0.010825,0.001098,-0.010943
2016-01-28,2016-01-27,1,-0.007161,-0.006082,-0.001079,-0.010943,-0.022024,0.002109,0.005196
2016-01-29,2016-01-28,1,0.027597,0.006645,0.020953,0.005196,0.008582,0.001263,0.024085
2016-02-01,2016-01-29,1,0.019610,0.010296,0.009314,0.024085,0.023524,0.018513,-0.000361
2016-02-02,2016-02-01,1,-0.006433,-0.008359,0.001926,-0.000361,0.001390,-0.000496,-0.018187
2016-02-03,2016-02-02,1,-0.032023,-0.014371,-0.017652,-0.018187,-0.022638,-0.008551,0.005977
2016-02-04,2016-02-03,1,-0.008544,-0.007013,-0.001531,0.005977,-0.002818,-0.017324,0.001567
2016-02-05,2016-02-04,1,-0.013312,-0.015041,0.001729,0.001567,0.001180,-0.009718,-0.019234
2016-02-08,2016-02-05,1,0.010922,-0.011883,0.022805,-0.019234,-0.033008,0.001284,-0.013552
2016-02-09,2016-02-08,1,-0.055552,-0.020048,-0.035504,-0.013552,-0.018363,-0.009023,0.000054
2016-02-10,2016-02-09,1,-0.023401,0.002634,-0.026035,0.000054,-0.003505,-0.006409,-0.000863
2016-02-12,2016-02-11,2,-0.049627,-0.018441,-0.031186,-0.013957,-0.000450,-0.023648,0.020407
2016-02-15,2016-02-12,1,0.069113,0.019587,0.049526,0.020407,0.016427,0.007003,
2016-02-17,2016-02-16,1,-0.013676,-0.001189,-0.012487,0.016737,0.022441,-0.004461,0.016203
2016-02-18,2016-02-17,1,0.022505,0.018873,0.003632,0.016203,0.021876,0.000175,-0.004104
2016-02-19,2016-02-18,1,-0.014279,-0.009080,-0.005199,-0.004104,-0.010313,-0.007479,-0.000469
2016-02-22,2016-02-19,1,0.008971,-0.007278,0.016248,-0.000469,0.003757,-0.006112,0.014375
2016-02-23,2016-02-22,1,-0.003669,0.007379,-0.011048,0.014375,0.014585,0.003282,-0.012710
2016-02-24,2016-02-23,1,-0.008525,-0.012596,0.004071,-0.012710,-0.014774,-0.007200,0.004565
2016-02-25,2016-02-24,1,0.014010,0.004243,0.009767,0.004565,0.008629,0.000624,0.012039
2016-02-26,2016-02-25,1,0.002974,0.010550,-0.007576,0.012039,0.008677,0.007195,-0.002304
2016-02-29,2016-02-26,1,-0.010036,0.007686,-0.017722,-0.002304,0.001803,0.008900,-0.007873
2016-03-01,2016-02-29,1,0.003659,-0.000859,0.004518,-0.007873,-0.007109,-0.011736,0.023235
2016-03-02,2016-03-01,1,0.040273,0.018843,0.021431,0.023235,0.028474,0.011649,0.004482
2016-03-03,2016-03-02,1,0.012675,-0.003036,0.015711,0.004482,0.002943,-0.004661,0.003912
2016-03-04,2016-03-03,1,0.003215,-0.001936,0.005151,0.003912,0.000850,0.001937,0.003248
2016-03-07,2016-03-04,1,-0.006099,0.000579,-0.006678,0.003248,0.002037,0.000704,0.000798
2016-03-08,2016-03-07,1,-0.007608,-0.001292,-0.006316,0.000798,-0.001861,-0.002817,-0.010978
2016-03-09,2016-03-08,1,-0.008434,-0.009432,0.000999,-0.010978,-0.012703,-0.007255,0.004927
2016-03-10,2016-03-09,1,0.012548,0.010092,0.002457,0.004927,0.005483,0.006197,0.000802
2016-03-11,2016-03-10,1,0.005121,-0.014474,0.019595,0.000802,-0.002618,-0.001148,0.016008
2016-03-14,2016-03-11,1,0.017259,0.012709,0.004550,0.016008,0.018344,0.005463,-0.001283
2016-03-15,2016-03-14,1,-0.006793,-0.000805,-0.005989,-0.001283,0.000381,0.000088,-0.001631
2016-03-16,2016-03-15,1,-0.008367,-0.007960,-0.000407,-0.001631,-0.004560,-0.005639,0.005771
2016-03-17,2016-03-16,1,-0.002245,0.007814,-0.010059,0.005771,0.007437,-0.005316,0.006324
2016-03-18,2016-03-17,1,-0.012571,-0.003112,-0.009458,0.006324,0.002308,-0.010717,-0.001222
2016-03-22,2016-03-21,2,0.019172,0.012626,0.006546,0.000195,0.007072,0.005016,-0.000538
2016-03-23,2016-03-22,1,-0.002794,0.001039,-0.003833,-0.000538,0.002656,0.003834,-0.006621
2016-03-24,2016-03-23,1,-0.006411,-0.001271,-0.005141,-0.006621,-0.011011,-0.000089,-0.000443
2016-03-25,2016-03-24,1,0.006515,0.003380,0.003135,-0.000443,0.000975,0.004795,
2016-03-29,2016-03-28,1,-0.001802,-0.008739,0.006938,0.000591,-0.001409,0.003444,0.009208
2016-03-30,2016-03-29,1,-0.013217,-0.001492,-0.011725,0.009208,0.016608,-0.006634,0.004378
2016-03-31,2016-03-30,1,-0.007152,0.006977,-0.014129,0.004378,0.004667,-0.002310,-0.002430
2016-04-01,2016-03-31,1,-0.036119,-0.002336,-0.033783,-0.002430,0.000115,0.001245,0.006789
2016-04-04,2016-04-01,1,-0.002533,-0.004738,0.002205,0.006789,0.009135,-0.008117,-0.003243
2016-04-05,2016-04-04,1,-0.024515,-0.004914,-0.019600,-0.003243,-0.004638,-0.003050,-0.010038
2016-04-06,2016-04-05,1,-0.001110,-0.000325,-0.000785,-0.010038,-0.009834,-0.009025,0.010862
2016-04-07,2016-04-06,1,0.002192,0.001520,0.000672,0.010862,0.015728,-0.004816,-0.012038
2016-04-08,2016-04-07,1,0.004541,-0.009749,0.014290,-0.012038,-0.014812,-0.014497,0.002693
2016-04-11,2016-04-08,1,-0.004459,-0.003796,-0.000663,0.002693,0.000478,-0.001572,-0.002350
2016-04-12,2016-04-11,1,0.011216,-0.002027,0.013243,-0.002350,-0.003571,-0.000926,0.009270
2016-04-13,2016-04-12,1,0.028007,0.013340,0.014667,0.009270,0.007973,0.005544,0.010050
2016-04-14,2016-04-13,1,0.031832,0.015063,0.016769,0.010050,0.015343,0.007344,0.000048
2016-04-15,2016-04-14,1,-0.003734,-0.011338,0.007605,0.000048,-0.000309,0.000366,-0.001106
2016-04-18,2016-04-15,1,-0.034545,-0.019586,-0.014959,-0.001106,-0.001552,-0.005869,0.007002
2016-04-19,2016-04-18,1,0.036111,0.018669,0.017442,0.007002,0.004405,0.000735,0.003149
2016-04-20,2016-04-19,1,0.001900,0.010575,-0.008674,0.003149,-0.003978,0.003303,0.000952
2016-04-21,2016-04-20,1,0.026677,0.016468,0.010208,0.000952,0.001578,0.006027,-0.005393
2016-04-22,2016-04-21,1,0.011957,-0.008278,0.020236,-0.005393,-0.000453,-0.003557,0.000000
2016-04-25,2016-04-22,1,-0.007608,0.002334,-0.009943,0.000000,-0.008051,0.021156,-0.001724
2016-04-26,2016-04-25,1,-0.004945,-0.004641,-0.000304,-0.001724,-0.002130,-0.005292,0.001485
2016-04-27,2016-04-26,1,-0.003625,0.000945,-0.004570,0.001485,-0.001535,0.000989,0.002056
2016-04-28,2016-04-27,1,-0.036783,0.008552,-0.045335,0.002056,-0.005156,0.001347,-0.009117
2016-05-02,2016-04-29,2,-0.031616,-0.018712,-0.012904,-0.014531,-0.018215,-0.046841,0.007917
2016-05-06,2016-05-05,4,-0.002521,0.004035,-0.006556,-0.006613,-0.012277,0.008334,0.003652
2016-05-09,2016-05-06,1,0.006764,0.007413,-0.000650,0.003652,0.004032,-0.001306,0.000826
2016-05-10,2016-05-09,1,0.021303,0.005625,0.015678,0.000826,0.002964,0.011235,0.012357
2016-05-11,2016-05-10,1,0.000834,0.010302,-0.009468,0.012357,0.012483,0.008641,-0.009399
2016-05-12,2016-05-11,1,0.004053,-0.007223,0.011276,-0.009399,-0.010280,-0.007718,0.000291
2016-05-13,2016-05-12,1,-0.014165,0.009437,-0.023601,0.000291,-0.004919,0.005519,-0.008752
2016-05-16,2016-05-13,1,0.003296,-0.001237,0.004533,-0.008752,-0.004157,-0.003768,0.009817
2016-05-17,2016-05-16,1,0.011256,0.009222,0.002035,0.009817,0.012173,0.003768,-0.009377
2016-05-18,2016-05-17,1,-0.000487,-0.002489,0.002002,-0.009377,-0.012587,0.001009,0.000293
2016-05-19,2016-05-18,1,0.000118,0.009732,-0.009613,0.000293,0.004948,0.009667,-0.003471
2016-05-20,2016-05-19,1,0.005373,-0.003109,0.008482,-0.003471,-0.005627,-0.002090,0.006298
2016-05-23,2016-05-20,1,-0.004897,-0.003896,-0.001001,0.006298,0.012029,0.001727,-0.001364
2016-05-24,2016-05-23,1,-0.009401,-0.002980,-0.006421,-0.001364,-0.000793,-0.008388,0.012879
2016-05-25,2016-05-24,1,0.015552,0.015969,-0.000418,0.012879,0.019795,0.006934,0.006760
2016-05-26,2016-05-25,1,0.000901,0.010114,-0.009212,0.006760,0.006935,0.001817,0.000287
2016-05-27,2016-05-26,1,0.003712,0.003454,0.000258,0.000287,0.001405,-0.003910,0.004290
2016-05-30,2016-05-27,1,0.013756,0.008216,0.005540,0.004290,0.006454,0.004273,
2016-06-01,2016-05-31,1,-0.016335,-0.008025,-0.008310,-0.001904,0.002945,-0.003878,0.002047
2016-06-02,2016-06-01,1,-0.023462,-0.008200,-0.015262,0.002047,0.000846,-0.010536,0.003039
2016-06-03,2016-06-02,1,0.004799,0.002229,0.002570,0.003039,0.003851,-0.006136,-0.002992
2016-06-06,2016-06-03,1,-0.003744,-0.016290,0.012546,-0.002992,-0.005818,-0.021732,0.005076
2016-06-07,2016-06-06,1,0.005739,0.004274,0.001464,0.005076,0.005285,0.009717,0.001560
2016-06-08,2016-06-07,1,0.009280,0.002817,0.006463,0.001560,-0.001402,-0.002048,0.003254
2016-06-09,2016-06-08,1,-0.009702,-0.005295,-0.004407,0.003254,0.002595,-0.003360,-0.001366
2016-06-10,2016-06-09,1,-0.004031,-0.001856,-0.002175,-0.001366,-0.003226,0.001028,-0.009523
2016-06-13,2016-06-10,1,-0.035698,-0.017148,-0.018550,-0.009523,-0.013005,-0.001121,-0.007742
2016-06-14,2016-06-13,1,-0.010050,-0.001124,-0.008926,-0.007742,-0.009465,-0.006848,-0.001969
2016-06-15,2016-06-14,1,0.003813,-0.003786,0.007599,-0.001969,-0.001009,-0.001225,-0.001395
2016-06-16,2016-06-15,1,-0.030968,-0.003042,-0.027925,-0.001395,-0.001781,-0.000943,0.002980
2016-06-17,2016-06-16,1,0.010667,0.012725,-0.002058,0.002980,0.002062,-0.016743,-0.008918
2016-06-20,2016-06-17,1,0.023168,0.015230,0.007939,-0.008918,-0.009242,-0.001344,0.006419
2016-06-21,2016-06-20,1,0.012685,-0.005621,0.018306,0.006419,0.007651,-0.001731,0.002835
2016-06-22,2016-06-21,1,-0.006415,-0.004544,-0.001871,0.002835,0.001353,0.007764,-0.001632
2016-06-23,2016-06-22,1,0.010688,0.002045,0.008643,-0.001632,-0.002158,-0.003252,0.012938
2016-06-24,2016-06-23,1,-0.082529,0.005865,-0.088394,0.012938,0.015748,0.016531,-0.036570
2016-06-27,2016-06-24,1,0.023608,0.013357,0.010251,-0.036570,-0.042023,-0.037831,-0.018072
2016-06-28,2016-06-27,1,0.000909,-0.014110,0.015020,-0.018072,-0.024412,-0.001959,0.017875
2016-06-29,2016-06-28,1,0.015778,0.012981,0.002797,0.017875,0.020984,0.007327,0.016884
2016-06-30,2016-06-29,1,0.000584,0.011870,-0.011286,0.016884,0.018450,0.000681,0.013553
2016-07-01,2016-06-30,1,0.006818,0.007808,-0.000990,0.013553,0.013185,0.004271,0.002098
2016-07-04,2016-07-01,1,0.005933,-0.008224,0.014157,0.002098,0.004101,-0.007193,
2016-07-06,2016-07-05,1,-0.018703,-0.015103,-0.003600,-0.007219,-0.008192,-0.008323,0.005980
2016-07-07,2016-07-06,1,-0.006704,-0.002095,-0.004609,0.005980,0.007490,-0.003842,-0.000620
2016-07-08,2016-07-07,1,-0.011142,0.003307,-0.014449,-0.000620,0.003626,-0.005543,0.014781
2016-07-11,2016-07-08,1,0.039065,0.017647,0.021418,0.014781,0.016261,-0.002186,0.003521
2016-07-12,2016-07-11,1,0.024327,0.015945,0.008382,0.003521,0.006411,0.022232,0.007237
2016-07-13,2016-07-12,1,0.008400,0.015251,-0.006850,0.007237,0.006828,0.018316,-0.000140
2016-07-14,2016-07-13,1,0.009471,0.000663,0.008808,-0.000140,-0.003408,-0.002008,0.005568
2016-07-15,2016-07-14,1,0.006809,0.000624,0.006185,0.005568,0.005644,0.008008,-0.001343
2016-07-19,2016-07-18,2,0.013573,0.006901,0.006673,0.001341,0.004305,0.007850,-0.001017
2016-07-20,2016-07-19,1,-0.002480,-0.004578,0.002098,-0.001017,-0.003847,-0.000377,0.004154
2016-07-21,2016-07-20,1,0.007663,0.010334,-0.002671,0.004154,0.010578,0.006669,-0.003784
2016-07-22,2016-07-21,1,-0.010944,-0.011808,0.000863,-0.003784,-0.003154,-0.009595,0.004475
2016-07-25,2016-07-22,1,-0.000419,0.001716,-0.002135,0.004475,0.005162,0.002454,-0.002720
2016-07-26,2016-07-25,1,-0.014378,-0.005096,-0.009282,-0.002720,-0.000496,-0.002833,0.000461
2016-07-27,2016-07-26,1,0.017053,0.008692,0.008361,0.000461,0.002433,-0.010646,-0.001062
2016-07-28,2016-07-27,1,-0.011344,-0.004129,-0.007215,-0.001062,0.005807,0.007142,0.001154
2016-07-29,2016-07-28,1,0.005594,-0.007136,0.012730,0.001154,0.002947,-0.001424,0.001613
2016-08-01,2016-07-29,1,0.004005,-0.009335,0.013341,0.001613,0.001386,-0.030781,-0.000829
2016-08-02,2016-08-01,1,-0.014795,-0.010034,-0.004761,-0.000829,0.004266,0.003228,-0.006428
2016-08-03,2016-08-02,1,-0.018990,-0.010066,-0.008924,-0.006428,-0.009004,-0.014760,0.002918
2016-08-04,2016-08-03,1,0.010624,0.005285,0.005339,0.002918,0.004275,0.003365,0.001063
2016-08-05,2016-08-04,1,-0.000027,0.001482,-0.001509,0.001063,0.001261,-0.000198,0.008146
2016-08-08,2016-08-05,1,0.024078,0.012706,0.011372,0.008146,0.010565,0.005911,-0.000596
2016-08-09,2016-08-08,1,0.006847,-0.001091,0.007938,-0.000596,-0.001530,0.006170,0.000596
2016-08-10,2016-08-09,1,-0.001782,-0.003938,0.002156,0.000596,0.002364,-0.005286,-0.002478
2016-08-12,2016-08-11,2,0.010982,0.008453,0.002529,0.002152,0.000559,0.000589,-0.000869
2016-08-15,2016-08-12,1,-0.002981,-0.003139,0.000158,-0.000869,0.000860,-0.006495,0.002880
2016-08-16,2016-08-15,1,-0.016318,0.000539,-0.016858,0.002880,0.005549,-0.000494,-0.005171
2016-08-17,2016-08-16,1,0.008945,-0.000015,0.008961,-0.005171,-0.006656,-0.009528,0.001879
2016-08-18,2016-08-17,1,-0.015626,-0.005733,-0.009893,0.001879,0.000296,-0.000399,0.002241
2016-08-19,2016-08-18,1,0.003621,0.004380,-0.000759,0.002241,0.002195,-0.003698,-0.001463
2016-08-22,2016-08-19,1,0.003160,0.003225,-0.000064,-0.001463,-0.000338,0.003299,-0.000046
2016-08-23,2016-08-22,1,-0.006093,-0.002918,-0.003175,-0.000046,0.001187,0.001197,0.002011
2016-08-24,2016-08-23,1,0.006040,0.003198,0.002841,0.002011,0.002947,-0.000898,-0.005128
2016-08-25,2016-08-24,1,-0.002494,-0.001034,-0.001461,-0.005128,-0.008091,0.001993,-0.000689
2016-08-26,2016-08-25,1,-0.011863,-0.004261,-0.007602,-0.000689,-0.001053,0.000796,-0.001885
2016-08-29,2016-08-26,1,0.022768,0.016389,0.006379,-0.001885,0.001288,0.012949,0.004912
2016-08-30,2016-08-29,1,-0.000725,-0.002783,0.002058,0.004912,0.002566,0.000785,-0.001650
2016-08-31,2016-08-30,1,0.009642,0.007889,0.001753,-0.001650,-0.001787,0.010251,-0.002848
2016-09-01,2016-08-31,1,0.002333,-0.000133,0.002465,-0.002848,-0.001872,0.004555,0.000046
2016-09-02,2016-09-01,1,-0.000069,-0.001363,0.001295,0.000046,0.002680,-0.001839,0.004498
2016-09-05,2016-09-02,1,0.006592,0.012088,-0.005496,0.004498,0.004331,0.007143,
2016-09-07,2016-09-06,1,-0.004079,-0.008501,0.004422,0.003018,0.004942,-0.014022,-0.000091
2016-09-08,2016-09-07,1,-0.003160,-0.001673,-0.001487,-0.000091,0.001519,-0.002651,-0.002286
2016-09-09,2016-09-08,1,0.000412,0.002097,-0.001685,-0.002286,-0.004638,0.007542,-0.024226
2016-09-12,2016-09-09,1,-0.017411,-0.012897,-0.004514,-0.024226,-0.025724,0.001950,0.014245
2016-09-13,2016-09-12,1,0.003360,0.005487,-0.002126,0.014245,0.016634,-0.008214,-0.014480
2016-09-14,2016-09-13,1,-0.006886,-0.005814,-0.001072,-0.014480,-0.010925,0.006752,-0.000375
2016-09-15,2016-09-14,1,-0.012673,-0.006147,-0.006526,-0.000375,0.003584,-0.001269,0.009943
2016-09-16,2016-09-15,1,0.006942,0.003270,0.003672,0.009943,0.014567,-0.003032,-0.008912
2016-09-20,2016-09-19,2,-0.001644,-0.007051,0.005407,-0.008724,-0.002796,-0.001667,0.000047
2016-09-21,2016-09-20,1,0.018948,-0.001232,0.020179,0.000047,0.001207,-0.002259,0.011183
2016-09-23,2016-09-22,2,-0.003194,-0.002847,-0.000347,0.017464,0.018557,-0.009485,-0.005494
2016-09-26,2016-09-23,1,-0.012581,-0.002784,-0.009797,-0.005494,-0.006345,0.002479,-0.008135
2016-09-27,2016-09-26,1,0.008389,-0.009330,0.017719,-0.008135,-0.009137,-0.006557,0.006189
2016-09-28,2016-09-27,1,-0.013185,-0.010783,-0.002402,0.006189,0.009130,0.001096,0.004951
2016-09-29,2016-09-28,1,0.013771,0.008521,0.005250,0.004951,0.002417,0.002188,-0.009088
2016-09-30,2016-09-29,1,-0.014716,-0.013221,-0.001495,-0.009088,-0.009332,0.003570,0.007518
2016-10-03,2016-09-30,1,0.009007,0.007038,0.001968,0.007518,0.008099,0.003163,-0.002407
2016-10-04,2016-10-03,1,0.008219,0.003779,0.004440,-0.002407,-0.002097,0.002759,-0.005111
2016-10-05,2016-10-04,1,0.004982,0.003117,0.001866,-0.005111,-0.002117,0.012421,0.004415
2016-10-06,2016-10-05,1,0.004737,0.005595,-0.000858,0.004415,0.004971,0.005912,0.000695
2016-10-07,2016-10-06,1,-0.002311,-0.000946,-0.001365,0.000695,-0.001726,0.004243,-0.003435
2016-10-11,2016-10-10,2,0.009719,0.004511,0.005209,0.001760,0.004103,-0.003373,-0.012710
2016-10-12,2016-10-11,1,-0.010912,-0.010275,-0.000637,-0.012710,-0.015485,-0.000773,0.001311
2016-10-13,2016-10-12,1,-0.003913,0.004965,-0.008878,0.001311,-0.001482,0.006549,-0.003281
2016-10-14,2016-10-13,1,0.004884,-0.001384,0.006268,-0.003281,-0.004916,-0.004811,0.000516
2016-10-17,2016-10-14,1,0.002592,0.000917,0.001675,0.000516,0.000159,0.004811,-0.003478
2016-10-18,2016-10-17,1,0.003750,-0.002240,0.005990,-0.003478,-0.002754,-0.002788,0.006243
2016-10-19,2016-10-18,1,0.002079,-0.000631,0.002710,0.006243,0.008430,-0.000385,0.002664
2016-10-20,2016-10-19,1,0.013822,0.000026,0.013796,0.002664,0.000490,-0.003956,-0.001868
2016-10-21,2016-10-20,1,-0.002958,0.002796,-0.005754,-0.001868,-0.000873,0.004822,0.000467
2016-10-24,2016-10-21,1,0.002895,0.001859,0.001037,0.000467,0.002966,-0.001348,0.004244
2016-10-25,2016-10-24,1,0.007563,0.003719,0.003844,0.004244,0.009923,0.003558,-0.003356
2016-10-26,2016-10-25,1,0.001530,-0.002088,0.003618,-0.003356,-0.004990,0.000480,-0.002010
2016-10-27,2016-10-26,1,-0.003192,-0.002617,-0.000575,-0.002010,-0.006290,0.002300,-0.002670
2016-10-28,2016-10-27,1,0.006324,0.006430,-0.000105,-0.002670,-0.006554,0.007819,-0.002960
2016-10-31,2016-10-28,1,-0.001227,-0.004914,0.003687,-0.002960,-0.004972,-0.005620,0.000047
2016-11-01,2016-10-31,1,0.000997,-0.002556,0.003553,0.000047,-0.000185,0.001146,-0.007272
2016-11-02,2016-11-01,1,-0.017800,-0.011788,-0.006012,-0.007272,-0.006876,-0.006605,-0.006037
2016-11-04,2016-11-03,2,-0.013474,-0.009982,-0.003492,-0.010624,-0.018639,-0.011106,-0.001102
2016-11-07,2016-11-04,1,0.015953,0.012969,0.002984,-0.001102,-0.002383,0.001456,0.021817
2016-11-08,2016-11-07,1,-0.000339,0.003805,-0.004145,0.021817,0.023462,0.012815,0.004494
2016-11-09,2016-11-08,1,-0.055056,0.006419,-0.061475,0.004494,0.005274,0.006584,0.010546
2016-11-10,2016-11-09,1,0.065083,0.018975,0.046108,0.010546,0.011026,0.004839,0.002492
2016-11-11,2016-11-10,1,0.001749,0.010449,-0.008700,0.002492,-0.008082,0.010920,-0.002308
2016-11-14,2016-11-11,1,0.016996,0.005321,0.011675,-0.002308,0.005420,-0.001312,0.000785
2016-11-15,2016-11-14,1,-0.000253,0.000995,-0.001248,0.000785,-0.003579,0.016180,0.007772
2016-11-16,2016-11-15,1,0.010924,0.009260,0.001664,0.007772,0.010905,0.006803,-0.001880
2016-11-17,2016-11-16,1,0.000024,-0.005366,0.005390,-0.001880,0.003587,-0.000825,0.005128
2016-11-18,2016-11-17,1,0.005849,0.009005,-0.003156,0.005128,0.007412,0.009309,-0.002240
2016-11-21,2016-11-18,1,0.007685,0.003926,0.003759,-0.002240,-0.002339,0.007512,0.007523
2016-11-22,2016-11-21,1,0.003139,-0.000827,0.003966,0.007523,0.008858,-0.001083,0.001951
2016-11-24,2016-11-23,2,0.009342,0.009144,0.000198,0.002495,0.002199,0.015317,
2016-11-28,2016-11-25,1,-0.001325,-0.004287,0.002963,0.003709,0.003384,-0.002032,-0.004706
2016-11-29,2016-11-28,1,-0.002719,-0.005093,0.002374,-0.004706,-0.005593,-0.010134,0.001948
2016-11-30,2016-11-29,1,0.000079,0.002672,-0.002594,0.001948,0.002067,0.003924,-0.002402
2016-12-01,2016-11-30,1,0.011115,0.012309,-0.001194,-0.002402,-0.010509,0.018343,-0.003682
2016-12-02,2016-12-01,1,-0.004713,-0.004199,-0.000514,-0.003682,-0.013725,-0.003151,0.000501
2016-12-05,2016-12-02,1,-0.008234,-0.004142,-0.004092,0.000501,0.000864,-0.004745,0.005991
2016-12-06,2016-12-05,1,0.004670,0.009921,-0.005251,0.005991,0.010079,0.002463,0.003162
2016-12-07,2016-12-06,1,0.007388,0.004022,0.003366,0.003162,0.004531,0.001405,0.012996
2016-12-08,2016-12-07,1,0.014427,0.009551,0.004876,0.012996,0.011329,-0.002020,0.002446
2016-12-09,2016-12-08,1,0.012229,0.003963,0.008267,0.002446,0.004366,0.002283,0.006022
2016-12-12,2016-12-09,1,0.008317,0.009819,-0.001502,0.006022,0.004997,0.011772,-0.001148
2016-12-13,2016-12-12,1,0.004973,-0.001791,0.006763,-0.001148,-0.005887,-0.002952,0.006652
2016-12-14,2016-12-13,1,0.000161,0.001012,-0.000851,0.006652,0.009432,0.001216,-0.008289
2016-12-15,2016-12-14,1,0.001048,0.003841,-0.002793,-0.008289,-0.004983,0.016108,0.004109
2016-12-16,2016-12-15,1,0.006586,0.008504,-0.001918,0.004109,0.003705,0.009609,-0.007835
2016-12-19,2016-12-16,1,-0.000492,-0.002855,0.002363,-0.007835,-0.003615,-0.001525,0.002175
2016-12-20,2016-12-19,1,0.005294,-0.001226,0.006520,0.002175,0.003723,-0.007743,0.003850
2016-12-21,2016-12-20,1,-0.002570,0.002702,-0.005272,0.003850,0.004844,0.006556,-0.002787
2016-12-22,2016-12-21,1,-0.000865,-0.002453,0.001588,-0.002787,-0.002284,-0.002549,-0.001729
2016-12-26,2016-12-23,2,-0.001598,-0.001713,0.000115,-0.000266,-0.001599,-0.001959,
2016-12-28,2016-12-27,1,-0.000069,-0.000565,0.000495,0.002478,0.004521,0.002730,-0.008299
2016-12-29,2016-12-28,1,-0.013313,-0.005203,-0.008110,-0.008299,-0.008948,-0.001279,-0.000223
2016-12-30,2016-12-29,1,-0.001608,-0.007732,0.006124,-0.000223,-0.001190,-0.006074,-0.003662
2017-01-04,2017-01-03,2,0.024791,0.009596,0.015195,0.003959,-0.000554,0.010330,0.005932
2017-01-05,2017-01-04,1,-0.003757,0.000405,-0.004162,0.005932,0.008790,-0.004256,-0.000795
2017-01-06,2017-01-05,1,-0.003405,-0.006534,0.003129,-0.000795,0.001994,-0.016339,0.003571
2017-01-10,2017-01-09,2,-0.007890,-0.002032,-0.005858,0.000265,0.007964,0.005792,0.000000
2017-01-11,2017-01-10,1,0.003271,0.002959,0.000311,0.000000,0.003609,-0.002157,0.002822
2017-01-12,2017-01-11,1,-0.011947,-0.003335,-0.008611,0.002822,0.002129,-0.003115,-0.002513
2017-01-13,2017-01-12,1,0.007942,0.002102,0.005840,-0.002513,-0.002909,-0.006084,0.002293
2017-01-16,2017-01-13,1,-0.010007,-0.003540,-0.006467,0.002293,0.004789,-0.001658,
2017-01-18,2017-01-17,1,0.004288,-0.003171,0.007459,-0.003530,-0.006369,-0.013757,0.002208
2017-01-19,2017-01-18,1,0.009370,0.009925,-0.000555,0.002208,0.003050,0.017865,-0.003711
2017-01-20,2017-01-19,1,0.003437,-0.000687,0.004124,-0.003711,-0.002806,0.001830,0.003667
2017-01-23,2017-01-20,1,-0.012984,-0.010477,-0.002507,0.003667,0.002749,-0.002266,-0.002606
2017-01-24,2017-01-23,1,-0.005469,-0.003904,-0.001565,-0.002606,-0.000430,-0.016896,0.006391
2017-01-25,2017-01-24,1,0.014243,0.016011,-0.001768,0.006391,0.008610,0.009715,0.008618
2017-01-26,2017-01-25,1,0.017936,0.010604,0.007331,0.008618,0.009839,-0.004492,-0.001046
2017-01-27,2017-01-26,1,0.003345,0.002631,0.000714,-0.001046,-0.000205,0.010975,-0.001571
2017-01-30,2017-01-27,1,-0.005075,-0.004950,-0.000125,-0.001571,0.000990,0.004704,-0.006221
2017-01-31,2017-01-30,1,-0.017054,-0.011606,-0.005447,-0.006221,-0.008350,-0.011363,-0.000088
2017-02-01,2017-01-31,1,0.005590,-0.006025,0.011615,-0.000088,0.000192,-0.008652,0.000395
2017-02-02,2017-02-01,1,-0.012269,0.000246,-0.012515,0.000395,0.004950,0.003982,0.000659
2017-02-03,2017-02-02,1,0.000191,0.004334,-0.004143,0.000659,-0.001144,-0.003805,0.006869
2017-02-06,2017-02-03,1,0.003088,0.007977,-0.004889,0.006869,0.005409,-0.000887,-0.001789
2017-02-07,2017-02-06,1,-0.003480,-0.007012,0.003531,-0.001789,-0.000568,-0.008823,0.000044
2017-02-08,2017-02-07,1,0.005107,0.002133,0.002974,0.000044,0.001882,0.005891,0.001310
2017-02-09,2017-02-08,1,-0.005271,-0.003455,-0.001816,0.001310,0.001449,-0.003923,0.005915
2017-02-10,2017-02-09,1,0.024619,0.016214,0.008405,0.005915,0.005743,0.011459,0.003938
2017-02-13,2017-02-10,1,0.004131,0.006934,-0.002803,0.003938,0.003310,-0.000265,0.005428
2017-02-14,2017-02-13,1,-0.011379,0.001012,-0.012391,0.005428,0.005189,0.004759,0.003987
2017-02-15,2017-02-14,1,0.010290,0.010333,-0.000043,0.003987,0.003223,0.004562,0.005207
2017-02-16,2017-02-15,1,-0.004664,-0.000328,-0.004336,0.005207,0.006356,-0.000876,-0.000852
2017-02-17,2017-02-16,1,-0.005853,-0.006159,0.000306,-0.000852,-0.000780,-0.008357,0.001575
2017-02-20,2017-02-17,1,0.000855,-0.003818,0.004673,0.001575,0.004064,-0.003097,
2017-02-22,2017-02-21,1,-0.000081,0.001947,-0.002028,0.005938,0.004677,0.005292,-0.000888
2017-02-23,2017-02-22,1,-0.000434,0.000003,-0.000437,-0.000888,-0.000907,-0.003525,0.000677
2017-02-24,2017-02-23,1,-0.004549,-0.007220,0.002671,0.000677,-0.004295,-0.006199,0.001268
2017-02-27,2017-02-24,1,-0.009173,-0.007967,-0.001205,0.001268,0.001678,-0.003471,0.001562
2017-02-28,2017-02-27,1,0.000603,0.004554,-0.003951,0.001562,0.002834,0.004358,-0.002703
2017-03-01,2017-02-28,1,0.014258,0.005630,0.008628,-0.002703,-0.006239,0.000710,0.013900
2017-03-02,2017-03-01,1,0.008792,0.011855,-0.003063,0.013900,0.013401,0.008478,-0.006317
2017-03-03,2017-03-02,1,-0.004900,-0.000688,-0.004212,-0.006317,-0.007277,0.005875,0.000629
2017-03-06,2017-03-03,1,-0.004635,-0.003086,-0.001549,0.000629,0.001625,-0.003416,-0.002982
2017-03-07,2017-03-06,1,-0.001807,-0.002167,0.000360,-0.002982,-0.003681,-0.001053,-0.002991
2017-03-08,2017-03-07,1,-0.004670,-0.001843,-0.002827,-0.002991,-0.002611,0.000790,-0.001858
2017-03-09,2017-03-08,1,0.003347,0.004613,-0.001266,-0.001858,0.000620,0.003154,0.001267
2017-03-10,2017-03-09,1,0.014697,0.006508,0.008190,0.001267,0.000216,0.005148,0.003498
2017-03-13,2017-03-10,1,0.001485,-0.003007,0.004493,0.003498,0.003918,-0.001481,0.000505
2017-03-14,2017-03-13,1,-0.001236,0.000028,-0.001263,0.000505,0.002394,0.001132,-0.003834
2017-03-15,2017-03-14,1,-0.001639,-0.004126,0.002487,-0.003834,-0.003232,-0.001220,0.008616
2017-03-16,2017-03-15,1,0.000652,-0.006081,0.006732,0.008616,0.007354,-0.012101,-0.001969
2017-03-17,2017-03-16,1,-0.003505,-0.004054,0.000548,-0.001969,0.000120,-0.000441,-0.006099
2017-03-21,2017-03-20,2,-0.003372,-0.005395,0.002024,-0.007196,0.000130,-0.006642,-0.012923
2017-03-22,2017-03-21,1,-0.021535,-0.016023,-0.005512,-0.012923,-0.018420,-0.007491,0.002350
2017-03-23,2017-03-22,1,0.002304,0.000392,0.001913,0.002350,0.004790,-0.005116,-0.001068
2017-03-24,2017-03-23,1,0.009243,-0.000994,0.010237,-0.001068,-0.000679,-0.001891,-0.000727
2017-03-26,2017-03-24,1,-0.010544,-0.010937,0.000394,-0.000727,0.001898,0.003599,
2017-03-28,2017-03-27,1,0.011379,0.009096,0.002284,-0.001027,0.001993,-0.006127,0.007250
2017-03-29,2017-03-28,1,0.000761,0.000724,0.000036,0.007250,0.005936,0.004239,0.000934
2017-03-30,2017-03-29,1,-0.008059,-0.003475,-0.004585,0.000934,0.003807,-0.000810,0.003179
2017-03-31,2017-03-30,1,-0.008109,0.005608,-0.013717,0.003179,0.002843,0.007716,-0.002330
2017-04-02,2017-03-31,1,0.003681,0.003418,0.000263,-0.002330,-0.000440,-0.004568,
2017-04-04,2017-04-03,1,-0.009154,-0.002606,-0.006548,-0.001741,-0.002890,-0.004589,0.000637
2017-04-05,2017-04-04,1,0.002709,0.004797,-0.002088,0.000637,0.000666,-0.001354,-0.002977
2017-04-06,2017-04-05,1,-0.014107,-0.005684,-0.008423,-0.002977,-0.005803,-0.000361,0.002807
2017-04-07,2017-04-06,1,0.003627,0.006321,-0.002694,0.002807,0.002464,0.001084,-0.001020
2017-04-09,2017-04-07,1,0.007253,0.007386,-0.000133,-0.001020,-0.000194,0.002254,
2017-04-11,2017-04-10,1,-0.002664,-0.004283,0.001619,0.000595,0.000531,-0.001081,-0.001190
2017-04-12,2017-04-11,1,-0.010470,-0.008343,-0.002126,-0.001190,-0.002411,-0.012062,-0.004391
2017-04-13,2017-04-12,1,-0.006802,-0.008710,0.001908,-0.004391,-0.005231,-0.005489,-0.006516
2017-04-14,2017-04-13,1,-0.004962,0.005686,-0.010648,-0.006516,-0.005328,0.000734,
2017-04-18,2017-04-17,1,0.003444,0.007713,-0.004269,0.008821,0.008856,0.002575,-0.002989
2017-04-19,2017-04-18,1,0.000739,-0.004967,0.005706,-0.002989,-0.001251,-0.004510,-0.001840
2017-04-20,2017-04-19,1,-0.000093,0.000770,-0.000862,-0.001840,0.002315,0.004143,0.008106
2017-04-21,2017-04-20,1,0.010270,0.008715,0.001555,0.008106,0.009126,0.004217,-0.003192
2017-04-23,2017-04-21,1,0.015361,0.015758,-0.000397,-0.003192,-0.001059,-0.002198,
2017-04-25,2017-04-24,1,0.010721,-0.000176,0.010897,0.010938,0.012325,0.006215,0.005802
2017-04-26,2017-04-25,1,0.010952,0.005519,0.005433,0.005802,0.006940,0.012046,-0.000629
2017-04-27,2017-04-26,1,-0.001949,-0.004356,0.002407,-0.000629,-0.000043,-0.000450,0.000839
2017-04-28,2017-04-27,1,-0.002868,-0.000583,-0.002285,0.000839,0.003927,0.001979,-0.002182
2017-04-30,2017-04-28,1,0.000300,0.000300,0.000000,-0.002182,-0.000220,0.002514,
2017-05-02,2017-05-01,1,0.006976,0.001304,0.005672,0.002517,0.007248,0.002686,0.000377
2017-05-07,2017-05-05,4,0.014464,0.014970,-0.000507,0.004264,0.001503,0.007838,
2017-05-09,2017-05-08,1,-0.002652,0.001002,-0.003654,-0.000167,0.000311,0.004691,-0.000918
2017-05-10,2017-05-09,1,0.002873,0.002394,0.000479,-0.000918,0.002934,0.006514,0.001794
2017-05-11,2017-05-10,1,0.003084,0.002202,0.000882,0.001794,0.001396,0.002541,-0.002045
2017-05-12,2017-05-11,1,-0.003898,-0.000998,-0.002900,-0.002045,-0.002153,-0.003770,-0.001672
2017-05-15,2017-05-12,1,-0.000707,-0.006582,0.005875,-0.001672,0.000861,-0.004490,0.005508
2017-05-16,2017-05-15,1,0.002512,0.004179,-0.001667,0.005508,0.004635,0.003875,-0.000916
2017-05-17,2017-05-16,1,-0.005282,-0.005691,0.000409,-0.000916,0.003279,-0.005818,-0.017903
2017-05-18,2017-05-17,1,-0.013260,-0.013100,-0.000160,-0.017903,-0.026047,-0.020634,0.004020
2017-05-19,2017-05-18,1,0.001885,0.001918,-0.000033,0.004020,0.007275,0.006029,0.006483
2017-05-21,2017-05-19,1,0.004265,0.004519,-0.000254,0.006483,0.004707,-0.001886,
2017-05-23,2017-05-22,1,-0.003309,-0.001553,-0.001755,0.005065,0.008172,0.000090,0.002210
2017-05-24,2017-05-23,1,0.006591,0.008341,-0.001750,0.002210,0.000830,0.004484,0.002330
2017-05-25,2017-05-24,1,0.003547,-0.000292,0.003839,0.002330,0.003952,-0.002508,0.004768
2017-05-26,2017-05-25,1,-0.006394,-0.000739,-0.005655,0.004768,0.006830,0.002956,-0.000207
2017-05-28,2017-05-26,1,-0.000043,0.000084,-0.000127,-0.000207,0.000794,-0.004571,
2017-05-31,2017-05-30,1,-0.001387,-0.002418,0.001031,-0.000869,-0.001128,-0.003783,-0.000248
2017-06-01,2017-05-31,1,0.010603,0.002114,0.008489,-0.000248,-0.000753,-0.000632,0.007921
2017-06-02,2017-06-01,1,0.015848,0.005533,0.010315,0.007921,0.007764,0.005313,0.003323
2017-06-04,2017-06-02,1,-0.002719,-0.002594,-0.000124,0.003323,0.009396,-0.008478,
2017-06-06,2017-06-05,1,-0.009510,-0.002410,-0.007100,-0.000737,-0.001606,0.000453,-0.003202
2017-06-07,2017-06-06,1,0.000236,-0.001413,0.001650,-0.003202,-0.003281,-0.009552,0.001849
2017-06-08,2017-06-07,1,-0.003778,0.003180,-0.006958,0.001849,0.003551,0.003559,0.000492
2017-06-09,2017-06-08,1,0.005210,0.002198,0.003013,0.000492,0.003864,0.001638,-0.001519
2017-06-11,2017-06-09,1,-0.004796,-0.005047,0.000251,-0.001519,-0.018172,0.003268,
2017-06-13,2017-06-12,1,-0.000494,-0.002453,0.001959,-0.000205,-0.005241,-0.003723,0.004878
2017-06-14,2017-06-13,1,-0.000766,0.003803,-0.004568,0.004878,0.007244,0.001182,-0.001268
2017-06-15,2017-06-14,1,-0.002604,-0.003425,0.000821,-0.001268,-0.004105,-0.004462,-0.001926
2017-06-16,2017-06-15,1,0.005604,0.004996,0.000607,-0.001926,-0.004756,0.012247,-0.004646
2017-06-18,2017-06-16,1,0.001089,0.001215,-0.000125,-0.004646,-0.002231,-0.000631,
2017-06-20,2017-06-19,1,0.008073,0.008256,-0.000183,0.008291,0.014083,0.006027,-0.006767
2017-06-21,2017-06-20,1,-0.004539,-0.001893,-0.002647,-0.006767,-0.008205,-0.000807,-0.000247
2017-06-22,2017-06-21,1,-0.001405,0.000774,-0.002179,-0.000247,0.007393,-0.000449,-0.000453
2017-06-23,2017-06-22,1,0.001101,0.002090,-0.000988,-0.000453,0.000439,-0.000449,0.001194
2017-06-25,2017-06-23,1,-0.000729,-0.000729,0.000000,0.001194,0.004569,-0.000539,
2017-06-27,2017-06-26,1,0.003553,0.003753,-0.000199,0.000658,-0.002893,0.005110,-0.008089
2017-06-28,2017-06-27,1,-0.004692,-0.003759,-0.000933,-0.008089,-0.016223,0.004550,0.008911
2017-06-29,2017-06-28,1,0.004455,0.006460,-0.002004,0.008911,0.014182,-0.000534,-0.008828
2017-06-30,2017-06-29,1,-0.009285,-0.009674,0.000389,-0.008828,-0.014551,-0.001069,0.001863
2017-07-02,2017-06-30,1,0.000527,0.000652,-0.000125,0.001863,-0.000640,0.001693,
2017-07-04,2017-07-03,1,-0.001170,0.006781,-0.007951,0.001694,-0.004957,0.009038,
2017-07-06,2017-07-05,1,-0.004370,-0.000994,-0.003376,0.002309,0.006654,-0.000088,-0.009187
2017-07-07,2017-07-06,1,-0.003255,-0.006896,0.003642,-0.009187,-0.010031,-0.000442,0.006464
2017-07-10,2017-07-07,1,0.007593,0.007068,0.000525,0.006464,0.010393,0.005989,0.001073
2017-07-11,2017-07-10,1,0.005686,-0.000355,0.006040,0.001073,0.003781,0.001316,-0.000743
2017-07-12,2017-07-11,1,-0.004820,-0.002889,-0.001931,-0.000743,0.002736,-0.000965,0.007487
2017-07-13,2017-07-12,1,0.000071,0.003918,-0.003847,0.007487,0.010897,-0.006959,0.001679
2017-07-14,2017-07-13,1,0.000947,0.002887,-0.001940,0.001679,0.002117,0.001237,0.004653
2017-07-17,2017-07-14,1,-0.002755,-0.002755,0.000000,0.004653,0.006043,-0.006821,-0.000122
2017-07-18,2017-07-17,1,-0.003174,0.000544,-0.003718,-0.000122,0.000310,0.001066,0.000529
2017-07-19,2017-07-18,1,0.001047,-0.001458,0.002505,0.000529,0.004721,-0.004985,0.005399
2017-07-20,2017-07-19,1,0.006161,0.001300,0.004861,0.005399,0.006399,-0.000982,0.000445
2017-07-21,2017-07-20,1,-0.002228,-0.002721,0.000492,0.000445,0.000777,-0.000536,-0.000891
2017-07-23,2017-07-21,1,-0.006476,-0.006601,0.000125,-0.000891,-0.000352,-0.007086,
2017-07-25,2017-07-24,1,-0.001025,0.000195,-0.001220,-0.000243,0.003604,-0.000090,0.002428
2017-07-26,2017-07-25,1,0.004747,0.007138,-0.002390,0.002428,0.000212,0.007086,0.000040
2017-07-27,2017-07-26,1,0.001469,-0.001177,0.002646,0.000040,0.001649,-0.006546,-0.000930
2017-07-28,2017-07-27,1,-0.005984,-0.001554,-0.004430,-0.000930,-0.006335,0.000630,-0.001174
2017-07-30,2017-07-28,1,-0.000318,-0.000318,0.000000,-0.001174,-0.001177,-0.005138,
2017-08-01,2017-07-31,1,0.003037,-0.000909,0.003946,-0.000567,-0.004175,-0.003622,0.002226
2017-08-02,2017-08-01,1,0.004705,0.003560,0.001145,0.002226,0.002332,0.000907,0.000485
2017-08-03,2017-08-02,1,-0.002532,-0.000699,-0.001833,0.000485,-0.000046,0.003347,-0.001942
2017-08-04,2017-08-03,1,-0.003848,-0.003976,0.000127,-0.001942,-0.003513,-0.006342,0.001820
2017-08-06,2017-08-04,1,0.005830,0.005781,0.000050,0.001820,0.001768,0.005891,
2017-08-08,2017-08-07,1,-0.002990,0.000337,-0.003327,0.001858,0.005058,0.000542,-0.002464
2017-08-09,2017-08-08,1,-0.012951,-0.003359,-0.009592,-0.002464,-0.002087,-0.003891,-0.000040
2017-08-10,2017-08-09,1,-0.000455,0.002719,-0.003173,-0.000040,-0.002850,-0.002178,-0.014216
2017-08-13,2017-08-11,2,-0.008845,-0.008896,0.000051,-0.012740,-0.015191,-0.008303,
2017-08-15,2017-08-14,1,0.011006,0.007764,0.003242,0.009864,0.013285,0.004297,-0.000122
2017-08-16,2017-08-15,1,-0.001217,-0.000140,-0.001078,-0.000122,-0.001139,0.009443,0.001743
2017-08-17,2017-08-16,1,-0.001352,-0.001092,-0.000260,0.001743,0.001909,-0.004347,-0.015714
2017-08-18,2017-08-17,1,-0.011856,-0.011812,-0.000044,-0.015714,-0.019608,-0.005643,-0.001564
2017-08-20,2017-08-18,1,0.002031,0.002031,0.000000,-0.001564,-0.000865,-0.003566,
2017-08-22,2017-08-21,1,-0.000479,-0.001033,0.000554,0.000782,-0.000547,-0.001834,0.010403
2017-08-23,2017-08-22,1,0.002617,0.008385,-0.005767,0.010403,0.013485,0.005400,-0.003592
2017-08-24,2017-08-23,1,-0.004170,-0.003520,-0.000650,-0.003592,-0.003033,-0.004941,-0.002333
2017-08-25,2017-08-24,1,0.005094,0.002444,0.002650,-0.002333,-0.001128,0.004758,0.002333
2017-08-27,2017-08-25,1,0.001664,0.001407,0.000257,0.002333,-0.000908,-0.001827,
2017-08-29,2017-08-28,1,-0.004501,-0.006747,0.002246,0.000041,0.002770,-0.000915,0.001144
2017-08-30,2017-08-29,1,0.007409,0.006098,0.001311,0.001144,0.002999,0.004567,0.004726
2017-08-31,2017-08-30,1,0.007136,0.004337,0.002799,0.004726,0.010485,0.004364,0.005998
2017-09-01,2017-08-31,1,0.002300,0.004435,-0.002136,0.005998,0.009432,-0.002362,0.001413
2017-09-03,2017-09-01,1,-0.004579,-0.004579,0.000000,0.001413,0.001037,0.002634,
2017-09-06,2017-09-05,1,-0.001437,-0.005159,0.003722,-0.007208,-0.009330,-0.008420,0.003408
2017-09-07,2017-09-06,1,0.001989,0.003891,-0.001902,0.003408,0.002779,0.003853,-0.000122
2017-09-08,2017-09-07,1,-0.006294,-0.005094,-0.001200,-0.000122,0.000713,-0.007167,-0.001175
2017-09-10,2017-09-08,1,0.008276,0.008276,0.000000,-0.001175,-0.005907,-0.005641,
2017-09-12,2017-09-11,1,0.011742,0.009693,0.002049,0.010609,0.011268,0.014364,0.003365
2017-09-13,2017-09-12,1,0.004500,0.004896,-0.000396,0.003365,0.003418,0.007014,0.000480
2017-09-14,2017-09-13,1,-0.002943,-0.000274,-0.002669,0.000480,0.000915,0.002810,-0.000320
2017-09-15,2017-09-14,1,0.005139,-0.000689,0.005828,-0.000320,-0.004827,-0.002266,-0.003605
2017-09-18,2017-09-15,1,0.010816,0.010965,-0.000149,-0.003605,0.003011,0.005609,0.002125
2017-09-19,2017-09-18,1,0.008578,0.000108,0.008470,0.002125,0.000956,0.006475,0.001001
2017-09-20,2017-09-19,1,0.000546,0.000096,0.000450,0.001001,0.001034,0.000179,0.000360
2017-09-21,2017-09-20,1,0.001821,0.007165,-0.005344,0.000360,-0.000818,0.005630,-0.002683
2017-09-22,2017-09-21,1,-0.002511,0.003245,-0.005756,-0.002683,-0.005179,0.002225,0.000200
2017-09-24,2017-09-22,1,0.006436,0.006436,0.000000,0.000200,0.000658,-0.004367,
2017-09-26,2017-09-25,1,-0.003309,-0.002372,-0.000938,-0.002047,-0.008803,-0.002235,0.000602
2017-09-27,2017-09-26,1,-0.003111,-0.002974,-0.000137,0.000602,0.001501,0.004465,0.003887
2017-09-28,2017-09-27,1,0.004729,0.006471,-0.001743,0.003887,0.011392,0.005244,0.001199
2017-09-29,2017-09-28,1,-0.000335,-0.002349,0.002013,0.001199,0.000029,-0.004264,0.003509
2017-10-01,2017-09-29,1,0.002023,0.001533,0.000490,0.003509,0.006566,0.001246,
2017-10-03,2017-10-02,1,0.010401,0.003644,0.006757,0.004329,0.003191,0.002486,0.002138
2017-10-04,2017-10-03,1,0.000611,0.002265,-0.001654,0.002138,0.002298,0.000798,0.001186
2017-10-05,2017-10-04,1,0.000092,0.001165,-0.001073,0.001186,0.000447,-0.000887,0.005908
2017-10-06,2017-10-05,1,0.003008,0.004271,-0.001263,0.005908,0.007733,0.000621,-0.001139
2017-10-10,2017-10-09,2,0.006398,-0.000492,0.006889,-0.002792,-0.000855,-0.001331,0.002635
2017-10-11,2017-10-10,1,0.002770,-0.000951,0.003721,0.002635,0.001142,-0.001955,0.001570
2017-10-12,2017-10-11,1,0.003511,0.003676,-0.000165,0.001570,0.002471,0.000356,-0.001491
2017-10-13,2017-10-12,1,0.009521,0.000236,0.009285,-0.001491,-0.001825,-0.001869,0.001217
2017-10-15,2017-10-13,1,0.003766,0.003884,-0.000118,0.001217,0.002166,-0.003837,
2017-10-17,2017-10-16,1,0.003783,0.004535,-0.000752,0.001333,0.002753,0.003035,0.000705
2017-10-18,2017-10-17,1,0.001261,0.001805,-0.000543,0.000705,-0.000053,0.000089,0.000978
2017-10-19,2017-10-18,1,0.003993,0.004064,-0.000071,0.000978,0.000085,0.006486,0.000274
2017-10-20,2017-10-19,1,0.000425,-0.002688,0.003113,0.000274,-0.002895,-0.003460,0.005147
2017-10-22,2017-10-20,1,0.012958,0.013073,-0.000115,0.005147,0.003624,0.008583,
2017-10-24,2017-10-23,1,0.004989,-0.001229,0.006218,-0.003897,-0.006389,-0.000705,0.001756
2017-10-25,2017-10-24,1,-0.004484,0.004345,-0.008829,0.001756,0.001760,0.004135,-0.004962
2017-10-26,2017-10-25,1,0.001480,-0.000399,0.001880,-0.004962,-0.005248,-0.001406,0.001292
2017-10-27,2017-10-26,1,0.012283,0.007492,0.004791,0.001292,-0.001085,0.002108,0.008143
2017-10-29,2017-10-27,1,0.002113,0.002113,0.000000,0.008143,0.021797,-0.002636,
2017-10-31,2017-10-30,1,-0.000003,-0.005210,0.005207,-0.003732,-0.000343,-0.004408,0.001557
2017-11-01,2017-10-31,1,0.018387,0.006038,0.012349,0.001557,0.004277,0.003968,0.001321
2017-11-02,2017-11-01,1,0.005295,0.004100,0.001196,0.001321,-0.001657,0.004654,0.000388
2017-11-06,2017-11-03,2,0.000409,0.003271,-0.002861,0.003721,0.007108,-0.000789,0.001546
2017-11-07,2017-11-06,1,0.017116,-0.001314,0.018429,0.001546,0.003247,-0.003337,-0.000696
2017-11-08,2017-11-07,1,-0.001037,-0.003830,0.002793,-0.000696,-0.002753,0.002811,0.001699
2017-11-09,2017-11-08,1,-0.001971,0.003295,-0.005265,0.001699,0.003148,-0.001229,-0.003634
2017-11-10,2017-11-09,1,-0.008224,-0.012674,0.004451,-0.003634,-0.005771,-0.003519,-0.000310
2017-11-13,2017-11-10,1,-0.013334,-0.003262,-0.010072,-0.000310,0.000132,0.000617,0.000929
2017-11-14,2017-11-13,1,-0.000044,-0.001702,0.001658,0.000929,0.000986,0.000704,-0.002325
2017-11-15,2017-11-14,1,-0.015839,-0.005782,-0.010057,-0.002325,-0.002924,-0.001497,-0.005018
2017-11-16,2017-11-15,1,0.014548,-0.002413,0.016961,-0.005018,-0.004710,-0.005126,0.008465
2017-11-17,2017-11-16,1,0.002042,0.011219,-0.009178,0.008465,0.012901,0.001682,-0.002943
2017-11-20,2017-11-17,1,-0.006048,-0.005230,-0.000818,-0.002943,-0.001547,-0.008707,0.001705
2017-11-21,2017-11-20,1,0.006926,0.008723,-0.001797,0.001705,0.001167,0.004896,0.006521
2017-11-22,2017-11-21,1,0.004747,0.008222,-0.003475,0.006521,0.010513,-0.001689,-0.000885
2017-11-24,2017-11-22,1,0.001229,-0.005923,0.007152,-0.000885,0.000711,-0.010910,0.002307
2017-11-27,2017-11-24,1,-0.002436,0.004700,-0.007135,0.002307,0.003169,0.002873,-0.000499
2017-11-28,2017-11-27,1,-0.000434,-0.000945,0.000512,-0.000499,-0.001546,-0.003953,0.010094
2017-11-29,2017-11-28,1,0.004922,0.005664,-0.000741,0.010094,0.004908,0.003415,-0.000609
2017-11-30,2017-11-29,1,0.005638,0.000205,0.005433,-0.000609,-0.012808,0.004029,0.008717
2017-12-01,2017-11-30,1,0.004131,0.008412,-0.004281,0.008717,0.007239,0.005347,-0.002078
2017-12-04,2017-12-01,1,-0.004915,0.001073,-0.005988,-0.002078,-0.003845,-0.003740,-0.001211
2017-12-05,2017-12-04,1,-0.003741,-0.004937,0.001196,-0.001211,-0.010603,0.002673,-0.003603
2017-12-06,2017-12-05,1,-0.019882,-0.004297,-0.015585,-0.003603,-0.001944,0.001600,0.000190
2017-12-07,2017-12-06,1,0.014370,0.006298,0.008072,0.000190,0.002093,-0.002668,0.003148
2017-12-08,2017-12-07,1,0.013819,0.005758,0.008061,0.003148,0.005366,0.007100,0.005438
2017-12-11,2017-12-08,1,0.005580,0.003642,0.001939,0.005438,0.003990,0.003531,0.003008
2017-12-12,2017-12-11,1,-0.003168,-0.000101,-0.003067,0.003008,0.005104,0.000617,0.001763
2017-12-13,2017-12-12,1,-0.004739,0.000573,-0.005311,0.001763,-0.001858,-0.000176,-0.000112
2017-12-14,2017-12-13,1,-0.002799,-0.002586,-0.000214,-0.000112,0.001962,-0.008847,-0.004095
2017-12-15,2017-12-14,1,-0.006243,-0.003226,-0.003017,-0.004095,-0.002807,-0.001334,0.003194
2017-12-18,2017-12-15,1,0.015336,0.009585,0.005751,0.003194,0.011607,0.001689,0.006321
2017-12-19,2017-12-18,1,-0.001476,0.002603,-0.004079,0.006321,0.008352,-0.000355,-0.003848
2017-12-20,2017-12-19,1,0.001037,-0.001447,0.002484,-0.003848,-0.004429,0.003105,-0.000524
2017-12-21,2017-12-20,1,-0.001120,-0.001736,0.000616,-0.000524,-0.000415,0.004420,0.002058
2017-12-22,2017-12-21,1,0.001602,-0.000672,0.002274,0.002058,0.000632,-0.000529,-0.000262
2017-12-25,2017-12-22,1,0.001589,0.000290,0.001299,-0.000262,-0.000776,-0.000530,
2017-12-27,2017-12-26,1,0.000809,-0.001674,0.002483,-0.001197,-0.003412,-0.000265,0.000486
2017-12-28,2017-12-27,1,-0.005569,0.000037,-0.005605,0.000486,0.000445,0.001059,0.002055
2017-12-29,2017-12-28,1,-0.000836,0.002083,-0.002919,0.002055,0.001558,-0.004155,-0.003778
2018-01-04,2018-01-03,3,0.032048,0.013473,0.018575,0.009659,0.016463,-0.003372,0.004206
2018-01-05,2018-01-04,1,0.008818,0.005797,0.003021,0.004206,0.001751,0.002220,0.006642
2018-01-09,2018-01-08,2,0.005696,0.009837,-0.004142,0.008469,0.011167,0.003011,0.002261
2018-01-10,2018-01-09,1,-0.002594,-0.000721,-0.001874,0.002261,0.000864,-0.003899,-0.001531
2018-01-11,2018-01-10,1,-0.003275,-0.005556,0.002282,-0.001531,-0.001398,-0.010890,0.007270
2018-01-12,2018-01-11,1,-0.002390,0.000389,-0.002780,0.007270,0.008104,-0.001617,0.006498
2018-01-15,2018-01-12,1,0.002578,0.007336,-0.004758,0.006498,0.006810,-0.001890,
2018-01-17,2018-01-16,1,-0.003491,-0.007055,0.003564,-0.003424,-0.005160,-0.000724,0.009487
2018-01-18,2018-01-17,1,-0.004408,0.008784,-0.013192,0.009487,0.010273,0.007577,-0.001682
2018-01-19,2018-01-18,1,0.001879,0.003811,-0.001932,-0.001682,-0.000306,-0.001709,0.004539
2018-01-22,2018-01-19,1,0.000347,-0.000429,0.000777,0.004539,0.005512,-0.002975,0.008098
2018-01-23,2018-01-22,1,0.012842,0.004527,0.008315,0.008098,0.009719,0.001353,0.002120
2018-01-24,2018-01-23,1,-0.007630,-0.004059,-0.003571,0.002120,0.007030,-0.005606,-0.000388
2018-01-25,2018-01-24,1,-0.011396,-0.007973,-0.003423,-0.000388,-0.006081,-0.009841,0.000424
2018-01-26,2018-01-25,1,-0.001590,0.003705,-0.005295,0.000424,-0.000526,0.001647,0.011511
2018-01-29,2018-01-26,1,-0.000107,0.003180,-0.003287,0.011511,0.012685,-0.006328,-0.006652
2018-01-30,2018-01-29,1,-0.014380,-0.002967,-0.011413,-0.006652,-0.005244,0.002297,-0.010310
2018-01-31,2018-01-30,1,-0.008350,-0.003731,-0.004619,-0.010310,-0.008613,-0.001745,0.000497
2018-02-01,2018-01-31,1,0.016651,0.007668,0.008982,0.000497,0.001215,0.003763,-0.001136
2018-02-02,2018-02-01,1,-0.009050,-0.005313,-0.003737,-0.001136,-0.003463,0.002013,-0.022010
2018-02-05,2018-02-02,1,-0.025784,-0.015299,-0.010485,-0.022010,-0.019815,0.006379,-0.042722
2018-02-06,2018-02-05,1,-0.048408,-0.018469,-0.029938,-0.042722,-0.038492,-0.009125,0.019511
2018-02-07,2018-02-06,1,0.001624,0.017934,-0.016310,0.019511,0.021068,0.004208,-0.005440
2018-02-08,2018-02-07,1,0.011278,0.003514,0.007763,-0.005440,-0.009020,-0.002193,-0.038230
2018-02-09,2018-02-08,1,-0.023491,-0.017656,-0.005834,-0.038230,-0.039750,-0.005228,0.014910
2018-02-13,2018-02-12,2,-0.006472,0.011657,-0.018129,0.029488,0.029772,-0.000920,0.002484
2018-02-14,2018-02-13,1,-0.004269,0.000309,-0.004578,0.002484,0.004509,-0.007576,0.013406
2018-02-15,2018-02-14,1,0.014586,0.010811,0.003775,0.013406,0.018380,-0.007634,0.012679
2018-02-16,2018-02-15,1,0.011822,0.004231,0.007591,0.012679,0.015670,-0.008353,0.000293
2018-02-19,2018-02-16,1,0.019557,0.008409,0.011148,0.000293,-0.002340,0.001789,
2018-02-21,2018-02-20,1,0.002083,0.000790,0.001293,-0.006281,-0.000713,0.006732,-0.004987
2018-02-22,2018-02-21,1,-0.010725,-0.008269,-0.002456,-0.004987,-0.002225,0.004185,0.001295
2018-02-23,2018-02-22,1,0.007167,0.002448,0.004719,0.001295,-0.001128,-0.009511,0.015814
2018-02-26,2018-02-23,1,0.011844,0.010987,0.000858,0.015814,0.017502,0.001311,0.011545
2018-02-27,2018-02-26,1,0.010607,0.010688,-0.000081,0.011545,0.011393,0.000374,-0.012565
2018-02-28,2018-02-27,1,-0.014469,-0.004357,-0.010112,-0.012565,-0.012353,0.003641,-0.010182
2018-03-01,2018-02-28,1,-0.015700,-0.007601,-0.008099,-0.010182,-0.007853,-0.005982,-0.014647
2018-03-02,2018-03-01,1,-0.025305,-0.017857,-0.007448,-0.014647,-0.012793,-0.004133,0.005142
2018-03-05,2018-03-02,1,-0.006610,-0.006338,-0.000272,0.005142,0.010709,-0.004718,0.011492
2018-03-06,2018-03-05,1,0.017696,0.016408,0.001288,0.011492,0.009985,0.004341,0.002532
2018-03-07,2018-03-06,1,-0.007736,-0.007301,-0.000435,0.002532,0.005619,-0.000754,-0.000367
2018-03-08,2018-03-07,1,0.005413,0.011017,-0.005604,-0.000367,0.003337,-0.000471,0.004827
2018-03-09,2018-03-08,1,0.004722,0.010528,-0.005806,0.004827,0.004223,0.001319,0.017253
2018-03-12,2018-03-09,1,0.016392,0.016487,-0.000095,0.017253,0.017728,0.005353,-0.001256
2018-03-13,2018-03-12,1,0.006580,-0.003745,0.010325,-0.001256,0.003632,-0.003377,-0.006484
2018-03-14,2018-03-13,1,-0.008724,-0.009289,0.000565,-0.006484,-0.010240,0.001409,-0.005145
2018-03-15,2018-03-14,1,0.001223,-0.003365,0.004588,-0.005145,-0.001892,-0.002255,-0.001090
2018-03-16,2018-03-15,1,-0.005862,0.003323,-0.009185,-0.001090,-0.002012,0.000094,-0.002913
2018-03-19,2018-03-16,1,-0.009065,-0.006415,-0.002650,-0.002913,0.000033,-0.003108,-0.013623
2018-03-20,2018-03-19,1,-0.004663,-0.008552,0.003889,-0.013623,-0.018582,0.000754,0.001699
2018-03-22,2018-03-21,2,0.009821,-0.001348,0.011170,-0.000222,0.000142,-0.000377,-0.025315
2018-03-23,2018-03-22,1,-0.046165,-0.018850,-0.027315,-0.025315,-0.024615,-0.007383,-0.021545
2018-03-26,2018-03-23,1,0.007164,-0.009478,0.016642,-0.021545,-0.024580,-0.005143,0.026991
2018-03-27,2018-03-26,1,0.026198,0.009242,0.016957,0.026991,0.032067,0.006473,-0.017158
2018-03-28,2018-03-27,1,-0.013508,-0.020103,0.006596,-0.017158,-0.029762,-0.000664,-0.002959
2018-03-29,2018-03-28,1,0.006057,0.010390,-0.004333,-0.002959,-0.008537,0.014328,0.012697
2018-03-30,2018-03-29,1,0.013856,0.010968,0.002888,0.012697,0.016301,-0.004032,
2018-04-03,2018-04-02,1,-0.004512,-0.012851,0.008339,-0.021821,-0.027751,-0.003583,0.012736
2018-04-04,2018-04-03,1,0.001279,0.005786,-0.004507,0.012736,0.010305,0.006683,0.010642
2018-04-05,2018-04-04,1,0.015169,0.010342,0.004827,0.010642,0.014422,0.001687,0.007861
2018-04-06,2018-04-05,1,-0.003605,-0.000540,-0.003065,0.007861,0.004879,0.005604,-0.022538
2018-04-09,2018-04-06,1,0.005121,-0.001540,0.006662,-0.022538,-0.023078,-0.004293,0.004916
2018-04-10,2018-04-09,1,0.005339,-0.003632,0.008971,0.004916,0.005082,-0.001498,0.015775
2018-04-11,2018-04-10,1,-0.004932,0.001136,-0.006068,0.015775,0.020501,0.004113,-0.005256
2018-04-12,2018-04-11,1,-0.001237,-0.001349,0.000111,-0.005256,-0.003568,-0.003832,0.008193
2018-04-13,2018-04-12,1,0.005454,0.006494,-0.001040,0.008193,0.010025,0.005044,-0.002937
2018-04-16,2018-04-13,1,0.002604,0.002971,-0.000367,-0.002937,-0.004717,0.000093,0.008188
2018-04-17,2018-04-16,1,0.000552,-0.001545,0.002097,0.008188,0.006959,-0.002145,0.010642
2018-04-18,2018-04-17,1,0.014117,0.003720,0.010397,0.010642,0.017292,-0.001028,0.000740
2018-04-19,2018-04-18,1,0.001487,0.003319,-0.001831,0.000740,0.001940,0.002241,-0.005563
2018-04-20,2018-04-19,1,-0.001305,-0.001938,0.000633,-0.005563,-0.007869,0.001212,-0.008516
2018-04-23,2018-04-20,1,-0.003354,-0.000197,-0.003157,-0.008516,-0.012782,0.002698,-0.000150
2018-04-24,2018-04-23,1,0.008569,0.006353,0.002215,-0.000150,-0.002456,0.009707,-0.013559
2018-04-25,2018-04-24,1,-0.002823,-0.007185,0.004362,-0.013559,-0.017155,0.001011,0.002469
2018-04-26,2018-04-25,1,0.004684,0.002852,0.001831,0.002469,-0.000515,0.005499,0.010114
2018-04-27,2018-04-26,1,0.006621,0.006567,0.000054,0.010114,0.016278,-0.001097,0.000938
2018-05-01,2018-04-30,2,0.001786,-0.000643,0.002429,-0.006782,-0.007390,0.000366,0.001775
2018-05-02,2018-05-01,1,-0.001567,0.002669,-0.004237,0.001775,0.009077,0.004745,-0.006740
2018-05-07,2018-05-04,3,-0.000250,0.001798,-0.002048,0.003917,0.011007,-0.006759,0.003378
2018-05-08,2018-05-07,1,0.001847,-0.001181,0.003027,0.003378,0.007681,-0.000275,0.000000
2018-05-09,2018-05-08,1,-0.004444,-0.002032,-0.002413,0.000000,0.000233,0.000275,0.009619
2018-05-10,2018-05-09,1,0.003933,0.003280,0.000652,0.009619,0.009995,0.005757,0.009307
2018-05-11,2018-05-10,1,0.011548,0.003407,0.008141,0.009307,0.008828,-0.003286,0.003047
2018-05-14,2018-05-11,1,0.004707,-0.002339,0.007047,0.003047,-0.000284,0.000000,0.000476
2018-05-15,2018-05-14,1,-0.002094,0.001032,-0.003126,0.000476,0.001138,0.002465,-0.006911
2018-05-16,2018-05-15,1,-0.004427,-0.003860,-0.000567,-0.006911,-0.008085,0.006273,0.004196
2018-05-17,2018-05-16,1,0.005318,0.004541,0.000778,0.004196,0.006328,0.000362,-0.000845
2018-05-18,2018-05-17,1,0.004020,0.003009,0.001011,-0.000845,-0.002142,0.003437,-0.002503
2018-05-21,2018-05-18,1,0.003135,0.000315,0.002821,-0.002503,-0.003818,-0.000181,0.007490
2018-05-22,2018-05-21,1,-0.001829,0.001025,-0.002853,0.007490,0.005384,0.002705,-0.002784
2018-05-23,2018-05-22,1,-0.011856,-0.003995,-0.007860,-0.002784,-0.002111,-0.001442,0.002747
2018-05-24,2018-05-23,1,-0.011201,-0.003021,-0.008180,0.002747,0.006417,-0.007332,-0.002051
2018-05-25,2018-05-24,1,0.000614,-0.002534,0.003148,-0.002051,-0.000205,-0.007569,-0.002386
2018-05-28,2018-05-25,1,0.001349,0.001698,-0.000350,-0.002386,0.001268,0.001281,
2018-05-30,2018-05-29,1,-0.015320,-0.013801,-0.001518,-0.011568,-0.005025,-0.006051,0.013256
2018-05-31,2018-05-30,1,0.008290,0.006558,0.001732,0.013256,0.008865,0.001378,-0.006145
2018-06-01,2018-05-31,1,-0.001373,-0.003410,0.002036,-0.006145,-0.002728,-0.000827,0.009770
2018-06-04,2018-06-01,1,0.013644,0.008700,0.004944,0.009770,0.014965,0.006595,0.004740
2018-06-05,2018-06-04,1,0.002826,0.003386,-0.000560,0.004740,0.006877,0.002462,0.000727
2018-06-06,2018-06-05,1,0.003817,-0.000854,0.004670,0.000727,0.004120,-0.000182,0.008326
2018-06-07,2018-06-06,1,0.008692,0.005421,0.003271,0.008326,0.006704,0.003455,-0.000108
2018-06-08,2018-06-07,1,-0.005658,-0.001047,-0.004611,-0.000108,-0.007070,-0.004276,0.002952
2018-06-11,2018-06-08,1,0.004815,-0.000333,0.005148,0.002952,0.001366,-0.001460,0.001329
2018-06-12,2018-06-11,1,0.003253,0.007566,-0.004312,0.001329,0.001884,0.004464,0.001292
2018-06-13,2018-06-12,1,0.003840,0.000779,0.003062,0.001292,0.005710,0.003086,-0.003196
2018-06-14,2018-06-13,1,-0.009967,-0.005388,-0.004579,-0.003196,-0.001051,-0.000363,0.002515
2018-06-15,2018-06-14,1,0.004963,0.006340,-0.001377,0.002515,0.008455,0.002716,-0.005757
2018-06-18,2018-06-15,1,-0.007530,-0.001979,-0.005551,-0.005757,-0.001891,0.000362,-0.002059
2018-06-19,2018-06-18,1,-0.017877,-0.005057,-0.012820,-0.002059,0.000083,-0.001085,-0.003840
2018-06-20,2018-06-19,1,0.012355,0.002692,0.009663,-0.003840,-0.002770,-0.004534,0.001705
2018-06-21,2018-06-20,1,0.006082,-0.001426,0.007509,0.001705,0.007213,0.002813,-0.006289
2018-06-22,2018-06-21,1,-0.007795,-0.010480,0.002685,-0.006289,-0.008851,-0.003359,0.001822
2018-06-25,2018-06-22,1,-0.007967,0.001186,-0.009153,0.001822,-0.002613,-0.000182,-0.013706
2018-06-26,2018-06-25,1,0.000172,-0.007992,0.008165,-0.013706,-0.021125,-0.001820,0.002212
2018-06-27,2018-06-26,1,-0.003148,-0.000946,-0.002203,0.002212,0.003925,0.002639,-0.008319
2018-06-28,2018-06-27,1,-0.000062,-0.003444,0.003382,-0.008319,-0.015532,0.001816,0.005701
2018-06-29,2018-06-28,1,0.001531,0.001977,-0.000446,0.005701,0.007839,0.002084,0.001439
2018-07-02,2018-06-29,1,-0.022332,-0.003175,-0.019157,0.001439,0.000882,0.001628,0.002136
2018-07-03,2018-07-02,1,-0.001211,0.003530,-0.004741,0.002136,0.007612,0.002076,-0.003537
2018-07-04,2018-07-03,1,-0.003149,-0.004902,0.001753,-0.003537,-0.008629,-0.002799,
2018-07-06,2018-07-05,1,0.011130,0.004661,0.006468,0.008125,0.011102,0.001448,0.008423
2018-07-09,2018-07-06,1,0.012046,0.002310,0.009736,0.008423,0.013350,-0.001448,0.008964
2018-07-10,2018-07-09,1,0.006541,0.007372,-0.000831,0.008964,0.008781,0.003525,0.003592
2018-07-11,2018-07-10,1,-0.011996,-0.008812,-0.003183,0.003592,0.000387,0.001262,-0.007341
2018-07-12,2018-07-11,1,0.011593,0.004761,0.006833,-0.007341,-0.005504,0.009149,0.009025
2018-07-13,2018-07-12,1,0.018283,0.009405,0.008878,0.009025,0.013811,0.004899,0.000787
2018-07-17,2018-07-16,2,0.004416,0.000371,0.004045,-0.000107,-0.002329,-0.002402,0.004037
2018-07-18,2018-07-17,1,0.004257,0.009653,-0.005396,0.004037,0.006309,0.005064,0.002101
2018-07-19,2018-07-18,1,-0.001295,0.003391,-0.004687,0.002101,-0.000087,-0.000177,-0.003779
2018-07-20,2018-07-19,1,-0.002939,-0.001324,-0.001615,-0.003779,-0.003717,-0.003374,-0.001144
2018-07-23,2018-07-20,1,-0.013345,-0.009631,-0.003714,-0.001144,-0.000652,-0.009471,0.001858
2018-07-24,2018-07-23,1,0.005054,0.007032,-0.001978,0.001858,0.002767,-0.000539,0.005019
2018-07-25,2018-07-24,1,0.004599,0.003716,0.000883,0.005019,-0.000140,-0.001258,0.008486
2018-07-26,2018-07-25,1,-0.001211,0.004295,-0.005507,0.008486,0.011598,-0.001981,-0.002362
2018-07-27,2018-07-26,1,0.005558,0.002636,0.002922,-0.002362,-0.010143,0.002250,-0.006799
2018-07-30,2018-07-27,1,-0.007420,-0.004388,-0.003032,-0.006799,-0.014724,-0.001710,-0.005237
2018-07-31,2018-07-30,1,0.000394,-0.003231,0.003625,-0.005237,-0.013980,0.000270,0.004917
2018-08-01,2018-07-31,1,0.008520,0.003915,0.004606,0.004917,0.005462,0.007177,-0.001672
2018-08-02,2018-08-01,1,-0.010348,-0.003081,-0.007267,-0.001672,0.004617,-0.001342,0.005433
2018-08-03,2018-08-02,1,0.000562,0.003238,-0.002676,0.005433,0.012302,-0.000537,0.004276
2018-08-06,2018-08-03,1,-0.000793,0.000482,-0.001276,0.004276,0.001195,-0.003589,0.003660
2018-08-07,2018-08-06,1,0.006882,0.000311,0.006571,0.003660,0.006082,0.001347,0.003297
2018-08-08,2018-08-07,1,-0.000814,0.000169,-0.000982,0.003297,0.003046,-0.000269,-0.000420
2018-08-09,2018-08-08,1,-0.002030,-0.002333,0.000303,-0.000420,0.000592,-0.003598,-0.001367
2018-08-10,2018-08-09,1,-0.013378,0.000377,-0.013755,-0.001367,0.000437,0.000901,-0.006723
2018-08-13,2018-08-10,1,-0.019960,-0.008128,-0.011831,-0.006723,-0.006696,-0.001351,-0.003750
2018-08-14,2018-08-13,1,0.022557,0.008911,0.013646,-0.003750,-0.002478,-0.001895,0.006360
2018-08-15,2018-08-14,1,-0.006816,0.000538,-0.007354,0.006360,0.006524,0.003876,-0.007495
2018-08-16,2018-08-15,1,-0.000549,-0.010112,0.009563,-0.007495,-0.012371,-0.003696,0.008059
2018-08-17,2018-08-16,1,0.003524,0.005444,-0.001920,0.008059,0.004159,0.001354,0.003514
2018-08-20,2018-08-17,1,-0.003210,-0.000149,-0.003062,0.003514,0.001256,-0.003524,0.002138
2018-08-21,2018-08-20,1,0.000933,-0.003993,0.004926,0.002138,0.000599,-0.003899,0.002343
2018-08-22,2018-08-21,1,0.006407,0.002262,0.004145,0.002343,0.004867,0.002088,-0.000594
2018-08-23,2018-08-22,1,0.002156,0.002596,-0.000439,-0.000594,0.003801,0.002264,-0.001329
2018-08-24,2018-08-23,1,0.008484,0.003261,0.005224,-0.001329,-0.001350,0.006672,0.006000
2018-08-27,2018-08-24,1,0.008717,0.004059,0.004658,0.006000,0.008534,-0.000539,0.007864
2018-08-28,2018-08-27,1,0.000606,0.007346,-0.006739,0.007864,0.009010,-0.001260,0.000483
2018-08-29,2018-08-28,1,0.001522,0.000324,0.001198,0.000483,0.001513,0.000900,0.005366
2018-08-30,2018-08-29,1,0.000931,0.007498,-0.006567,0.005366,0.009870,0.004218,-0.004057
2018-08-31,2018-08-30,1,-0.000190,-0.005976,0.005785,-0.004057,-0.002634,-0.006199,0.000034
2018-09-03,2018-08-31,1,-0.006924,-0.002013,-0.004911,0.000034,0.002615,0.000541,
2018-09-05,2018-09-04,1,-0.005127,-0.001459,-0.003668,-0.001724,-0.002258,0.003326,-0.002695
2018-09-06,2018-09-05,1,-0.004122,-0.005411,0.001289,-0.002695,-0.011946,0.000718,-0.003015
2018-09-07,2018-09-06,1,-0.008076,-0.006071,-0.002005,-0.003015,-0.009102,-0.007019,-0.001945
2018-09-10,2018-09-07,1,0.002956,-0.002397,0.005353,-0.001945,-0.002552,0.002795,0.001737
2018-09-11,2018-09-10,1,0.012949,0.004312,0.008637,0.001737,0.002732,0.000540,0.003292
2018-09-12,2018-09-11,1,-0.002654,0.001676,-0.004330,0.003292,0.006078,0.004580,0.000242
2018-09-13,2018-09-12,1,0.009541,0.002357,0.007184,0.000242,-0.002290,-0.003320,0.005897
2018-09-14,2018-09-13,1,0.011907,0.009353,0.002553,0.005897,0.007450,0.006004,0.000172
2018-09-18,2018-09-17,2,0.014012,-0.002275,0.016287,-0.005136,-0.014824,-0.000804,0.005411
2018-09-19,2018-09-18,1,0.010701,0.014178,-0.003476,0.005411,0.007610,0.004639,0.001065
2018-09-20,2018-09-19,1,0.000102,0.003385,-0.003283,0.001065,-0.000763,-0.000712,0.008071
2018-09-21,2018-09-20,1,0.008203,0.007310,0.000893,0.008071,0.009787,0.001869,-0.005431
2018-09-25,2018-09-24,2,0.002942,0.000499,0.002443,-0.008758,-0.004367,0.002752,-0.000928
2018-09-26,2018-09-25,1,0.003899,-0.003920,0.007819,-0.000928,0.001777,0.001595,-0.002997
2018-09-27,2018-09-26,1,-0.009912,-0.003642,-0.006271,-0.002997,-0.002138,-0.002215,0.002790
2018-09-28,2018-09-27,1,0.013494,0.011833,0.001661,0.002790,0.006437,0.005662,0.000103
2018-10-01,2018-09-28,1,0.005199,0.002209,0.002990,0.000103,0.000544,0.002819,0.003468
2018-10-02,2018-10-01,1,0.001025,0.005364,-0.004339,0.003468,-0.001125,0.002021,-0.000583
2018-10-03,2018-10-02,1,-0.006600,-0.002121,-0.004479,-0.000583,-0.004708,-0.002197,0.000549
2018-10-04,2018-10-03,1,-0.005629,0.005423,-0.011052,0.000549,0.003188,0.007625,-0.007846
2018-10-05,2018-10-04,1,-0.008036,-0.008119,0.000082,-0.007846,-0.018307,-0.005516,-0.005613
2018-10-09,2018-10-08,2,-0.013304,-0.009856,-0.003449,-0.005613,-0.018387,-0.005900,-0.001460
2018-10-10,2018-10-09,1,0.001560,0.002958,-0.001398,-0.001460,0.000268,-0.002564,-0.032175
2018-10-11,2018-10-10,1,-0.039712,-0.019879,-0.019833,-0.032175,-0.041691,-0.005950,-0.022273
2018-10-12,2018-10-11,1,0.004584,-0.011909,0.016493,-0.022273,-0.012608,-0.000980,0.013793
2018-10-15,2018-10-12,1,-0.018831,-0.008555,-0.010276,0.013793,0.022641,0.000267,-0.005633
2018-10-16,2018-10-15,1,0.012403,0.001207,0.011195,-0.005633,-0.008863,-0.003840,0.021630
2018-10-17,2018-10-16,1,0.012861,0.011348,0.001513,0.021630,0.028490,0.004375,0.000178
2018-10-18,2018-10-17,1,-0.008042,0.001320,-0.009362,0.000178,-0.000365,0.003468,-0.014546
2018-10-19,2018-10-18,1,-0.005580,-0.014052,0.008472,-0.014546,-0.020831,-0.004092,-0.000543
2018-10-22,2018-10-19,1,0.003665,-0.007031,0.010696,-0.000543,-0.004836,0.003204,-0.004499
2018-10-23,2018-10-22,1,-0.027073,-0.009360,-0.017713,-0.004499,0.002628,0.002308,-0.005104
2018-10-24,2018-10-23,1,0.003646,0.007107,-0.003461,-0.005104,-0.004171,-0.003286,-0.030767
2018-10-25,2018-10-24,1,-0.037941,-0.018934,-0.019006,-0.030767,-0.045263,-0.001602,0.017781
2018-10-26,2018-10-25,1,-0.003963,0.008060,-0.012023,0.017781,0.029106,0.001335,-0.017744
2018-10-29,2018-10-26,1,-0.001644,0.006540,-0.008184,-0.017744,-0.020867,-0.004548,-0.005556
2018-10-30,2018-10-29,1,0.014434,-0.004753,0.019187,-0.005556,-0.016448,0.004192,0.014710
2018-10-31,2018-10-30,1,0.021356,0.005219,0.016137,0.014710,0.015672,0.006388,0.010624
2018-11-01,2018-10-31,1,-0.010677,-0.000641,-0.010036,0.010624,0.019942,-0.001327,0.010586
2018-11-02,2018-11-01,1,0.025314,0.003403,0.021911,0.010586,0.017390,-0.002039,-0.005941
2018-11-05,2018-11-02,1,-0.015617,-0.010902,-0.004714,-0.005941,-0.010421,0.004250,0.005502
2018-11-06,2018-11-05,1,0.011295,0.005459,0.005836,0.005502,-0.003832,0.000000,0.006308
2018-11-07,2018-11-06,1,-0.002801,0.001894,-0.004695,0.006308,0.006407,0.002118,0.021183
2018-11-08,2018-11-07,1,0.017999,0.016178,0.001821,0.021183,0.026066,0.000793,-0.001817
2018-11-09,2018-11-08,1,-0.010581,-0.000694,-0.009886,-0.001817,-0.005279,0.004834,-0.009816
2018-11-12,2018-11-09,1,0.000882,-0.005794,0.006676,-0.009816,-0.016601,-0.002106,-0.018862
2018-11-13,2018-11-12,1,-0.020843,-0.017423,-0.003420,-0.018862,-0.028210,0.000088,-0.001873
2018-11-14,2018-11-13,1,0.001647,0.001860,-0.000213,-0.001873,0.000001,-0.000264,-0.006860
2018-11-15,2018-11-14,1,-0.001964,-0.008095,0.006131,-0.006860,-0.008996,-0.001671,0.010383
2018-11-16,2018-11-15,1,-0.005670,0.000059,-0.005729,0.010383,0.017039,0.000088,0.002597
2018-11-19,2018-11-16,1,0.006474,-0.000060,0.006535,0.002597,-0.001539,-0.007066,-0.017059
2018-11-20,2018-11-19,1,-0.010969,-0.010989,0.000020,-0.017059,-0.030737,-0.002485,-0.018680
2018-11-21,2018-11-20,1,-0.003508,-0.013824,0.010316,-0.018680,-0.017172,0.001864,0.003402
2018-11-22,2018-11-21,1,0.006443,0.003478,0.002965,0.003402,0.009139,0.002657,
2018-11-26,2018-11-23,1,0.007614,0.000053,0.007562,-0.006701,-0.004783,-0.000973,0.016015
2018-11-27,2018-11-26,1,0.006416,0.007126,-0.000709,0.016015,0.020380,0.005739,0.003359
2018-11-28,2018-11-27,1,0.010180,0.003834,0.006346,0.003359,0.000120,0.001583,0.022764
2018-11-29,2018-11-28,1,0.003852,0.008261,-0.004409,0.022764,0.029066,-0.000791,-0.002187
2018-11-30,2018-11-29,1,0.003966,0.000555,0.003410,-0.002187,-0.002542,-0.001849,0.006077
2018-12-03,2018-11-30,1,0.009959,0.012376,-0.002417,0.006077,0.007869,-0.000088,0.013155
2018-12-04,2018-12-03,1,-0.024153,-0.001809,-0.022344,0.013155,0.015025,0.001673,-0.032939
2018-12-05,2018-12-04,1,-0.005311,-0.012828,0.007517,-0.032939,-0.038783,-0.007773,
2018-12-07,2018-12-06,1,0.008201,0.006588,0.001613,-0.001518,0.004158,-0.004693,-0.023510
2018-12-10,2018-12-07,1,-0.021409,-0.016709,-0.004700,-0.023510,-0.030942,0.000532,0.001895
2018-12-11,2018-12-10,1,-0.003374,0.002520,-0.005894,0.001895,0.007330,0.005397,0.000227
2018-12-12,2018-12-11,1,0.021274,0.009431,0.011844,0.000227,0.001610,0.000353,0.005023
2018-12-13,2018-12-12,1,0.009832,0.007029,0.002803,0.005023,0.009410,-0.000882,-0.000339
2018-12-14,2018-12-13,1,-0.020438,-0.008157,-0.012281,-0.000339,-0.003950,0.003085,-0.018637
2018-12-17,2018-12-14,1,0.006159,0.000790,0.005368,-0.018637,-0.022842,-0.002203,-0.019813
2018-12-18,2018-12-17,1,-0.018368,-0.010816,-0.007552,-0.019813,-0.022970,-0.004863,-0.001097
2018-12-19,2018-12-18,1,-0.006058,-0.000392,-0.005666,-0.001097,0.004459,-0.002752,-0.015089
2018-12-20,2018-12-19,1,-0.028776,-0.009959,-0.018817,-0.015089,-0.021919,-0.000356,-0.016412
2018-12-21,2018-12-20,1,-0.011164,-0.004033,-0.007131,-0.016412,-0.016471,-0.010637,-0.026525
2018-12-25,2018-12-24,2,-0.051405,-0.019062,-0.032343,-0.053303,-0.052757,-0.007668,
2018-12-27,2018-12-26,1,0.038100,0.019427,0.018673,0.049290,0.056722,0.009746,0.007648
2018-12-28,2018-12-27,1,-0.003135,-0.005982,0.002846,0.007648,0.003828,-0.003238,-0.001291
2019-01-04,2019-01-03,4,-0.022884,-0.018132,-0.004752,-0.015682,-0.017786,-0.030555,0.032947
2019-01-07,2019-01-04,1,0.024092,0.019372,0.004720,0.032947,0.041720,0.008049,0.007854
2019-01-08,2019-01-07,1,0.008204,0.009224,-0.001021,0.007854,0.012477,0.001657,0.009351
2019-01-09,2019-01-08,1,0.010978,0.007999,0.002979,0.009351,0.010718,0.000276,0.004663
2019-01-10,2019-01-09,1,-0.012972,-0.007675,-0.005296,0.004663,0.008673,-0.005256,0.003521
2019-01-11,2019-01-10,1,0.009669,0.006557,0.003111,0.003521,0.004158,0.002401,0.000386
2019-01-15,2019-01-14,2,0.009561,-0.004671,0.014232,-0.005733,-0.011541,-0.002401,0.011396
2019-01-16,2019-01-15,1,-0.005490,0.000993,-0.006483,0.011396,0.016931,0.004612,0.002417
2019-01-17,2019-01-16,1,-0.001982,0.004952,-0.006934,0.002417,0.001545,0.003858,0.007558
2019-01-18,2019-01-17,1,0.012847,0.003451,0.009396,0.007558,0.007050,0.001374,0.013222
2019-01-21,2019-01-18,1,0.002574,0.008783,-0.006209,0.013222,0.010219,0.004840,
2019-01-23,2019-01-22,1,-0.001416,-0.008252,0.006835,-0.013603,-0.019309,-0.002739,0.002090
2019-01-24,2019-01-23,1,-0.000927,-0.004257,0.003330,0.002090,0.000770,0.002101,0.000531
2019-01-25,2019-01-24,1,0.009622,0.001166,0.008456,0.000531,0.006765,0.000365,0.008426
2019-01-28,2019-01-25,1,-0.006014,-0.001314,-0.004701,0.008426,0.012839,-0.000913,-0.007629
2019-01-29,2019-01-28,1,0.000757,-0.004541,0.005298,-0.007629,-0.011111,-0.001736,-0.001328
2019-01-30,2019-01-29,1,-0.005245,0.001788,-0.007033,-0.001328,-0.008134,0.000366,0.015707
2019-01-31,2019-01-30,1,0.010499,0.013355,-0.002856,0.015707,0.021785,-0.003297,0.008744
2019-02-01,2019-01-31,1,0.000717,0.001133,-0.000416,0.008744,0.013642,-0.001377,0.000482
2019-02-04,2019-02-01,1,0.004578,0.002091,0.002487,0.000482,-0.002457,0.005587,0.007011
2019-02-05,2019-02-04,1,-0.001885,0.003666,-0.005551,0.007011,0.011453,0.003647,0.004183
2019-02-06,2019-02-05,1,0.001420,0.004042,-0.002622,0.004183,0.007395,0.000728,-0.001319
2019-02-07,2019-02-06,1,-0.005899,-0.002967,-0.002932,-0.001319,-0.003627,0.000000,-0.009579
2019-02-08,2019-02-07,1,-0.020354,-0.011671,-0.008683,-0.009579,-0.011857,-0.001456,0.001221
2019-02-12,2019-02-11,2,0.025782,0.005365,0.020417,0.001775,0.002679,0.005087,0.012777
2019-02-13,2019-02-12,1,0.013344,0.007911,0.005432,0.012777,0.014498,0.001087,0.003242
2019-02-14,2019-02-13,1,-0.000226,0.000161,-0.000387,0.003242,0.000777,0.004606,-0.002221
2019-02-15,2019-02-14,1,-0.011374,-0.004181,-0.007193,-0.002221,0.000885,-0.004696,0.010838
2019-02-18,2019-02-15,1,0.018075,0.015039,0.003037,0.010838,0.006102,0.000091,
2019-02-20,2019-02-19,1,0.006030,0.002035,0.003995,0.001729,0.001920,0.000090,0.002013
2019-02-21,2019-02-20,1,0.001526,-0.000428,0.001955,0.002013,0.000307,0.002167,-0.003562
2019-02-22,2019-02-21,1,-0.001806,-0.004102,0.002297,-0.003562,-0.003928,-0.001444,0.006181
2019-02-25,2019-02-22,1,0.004783,0.006613,-0.001830,0.006181,0.009053,-0.000090,0.001360
2019-02-26,2019-02-25,1,-0.003669,0.001290,-0.004959,0.001360,0.003568,0.003427,-0.000716
2019-02-27,2019-02-26,1,0.004982,0.002571,0.002411,-0.000716,-0.000683,-0.004422,-0.000430
2019-02-28,2019-02-27,1,-0.007981,-0.000926,-0.007054,-0.000430,0.000690,0.003701,-0.001864
2019-03-01,2019-02-28,1,0.010121,0.004891,0.005229,-0.001864,-0.002914,0.003508,0.006224
2019-03-04,2019-03-01,1,0.010103,0.009680,0.000423,0.006224,0.008305,0.004748,-0.003644
2019-03-05,2019-03-04,1,-0.004398,-0.005019,0.000621,-0.003644,-0.002344,-0.001431,-0.001361
2019-03-06,2019-03-05,1,-0.005977,-0.003100,-0.002877,-0.001361,-0.000160,0.001342,-0.006075
2019-03-07,2019-03-06,1,-0.006541,-0.006500,-0.000041,-0.006075,-0.009341,-0.001252,-0.008401
2019-03-08,2019-03-07,1,-0.020266,-0.005460,-0.014806,-0.008401,-0.011316,-0.001522,-0.002002
2019-03-11,2019-03-08,1,0.004723,0.001767,0.002955,-0.002002,-0.001796,-0.003861,0.014397
2019-03-12,2019-03-11,1,0.017763,0.011134,0.006629,0.014397,0.020035,0.000360,0.003764
2019-03-13,2019-03-12,1,-0.009976,-0.003630,-0.006346,0.003764,0.004353,0.001438,0.006597
2019-03-14,2019-03-13,1,-0.000151,0.008621,-0.008772,0.006597,0.006875,-0.001798,-0.000640
2019-03-15,2019-03-14,1,0.007667,0.004205,0.003461,-0.000640,-0.001635,0.004936,0.000533
2019-03-18,2019-03-15,1,0.006211,0.005834,0.000377,0.000533,0.007523,-0.002241,0.003619
2019-03-19,2019-03-18,1,-0.000818,-0.001209,0.000390,0.003619,0.003369,-0.000269,0.000248
2019-03-20,2019-03-19,1,0.001949,-0.000844,0.002793,0.000248,0.001227,-0.000449,-0.003014
2019-03-22,2019-03-21,2,0.000852,0.004817,-0.003965,0.008217,0.014780,-0.005131,-0.019434
2019-03-25,2019-03-22,1,-0.030526,-0.016782,-0.013744,-0.019434,-0.025359,-0.008065,-0.000752
2019-03-26,2019-03-25,1,0.021285,0.009358,0.011927,-0.000752,-0.000671,0.000364,0.007426
2019-03-27,2019-03-26,1,-0.002320,-0.003496,0.001176,0.007426,0.007043,0.006075,-0.005243
2019-03-28,2019-03-27,1,-0.016268,-0.008805,-0.007463,-0.005243,-0.006279,-0.000995,0.003783
2019-03-29,2019-03-28,1,0.008146,0.009216,-0.001070,0.003783,0.003368,0.000995,0.006286
2019-04-01,2019-03-29,1,0.014198,0.013819,0.000379,0.006286,0.007812,0.001987,0.011789
2019-04-02,2019-04-01,1,-0.000173,0.010894,-0.011067,0.011789,0.012802,0.004501,0.000490
2019-04-03,2019-04-02,1,0.009621,0.002709,0.006912,0.000490,0.002523,-0.000269,0.001572
2019-04-04,2019-04-03,1,0.000541,0.000529,0.000012,0.001572,0.005953,0.001436,0.002650
2019-04-05,2019-04-04,1,0.003793,0.000837,0.002956,0.002650,-0.000478,0.001613,0.004829
2019-04-08,2019-04-05,1,-0.002105,0.004258,-0.006363,0.004829,0.005927,0.000716,0.000762
2019-04-09,2019-04-08,1,0.001880,-0.000522,0.002402,0.000762,0.001912,-0.002330,-0.005138
2019-04-10,2019-04-09,1,-0.005289,-0.010277,0.004987,-0.005138,-0.005623,-0.003145,0.003405
2019-04-11,2019-04-10,1,0.001097,-0.001150,0.002247,0.003405,0.006925,-0.001080,-0.000278
2019-04-12,2019-04-11,1,0.007305,0.003263,0.004041,-0.000278,-0.002122,0.005839,0.006743
2019-04-15,2019-04-12,1,0.013558,0.011475,0.002083,0.006743,0.004620,0.003308,-0.000655
2019-04-16,2019-04-15,1,0.002368,-0.002754,0.005121,-0.000655,-0.001021,0.000089,0.000655
2019-04-17,2019-04-16,1,0.002531,0.000664,0.001867,0.000655,0.003032,-0.000357,-0.002450
2019-04-18,2019-04-17,1,-0.008468,-0.000172,-0.008295,-0.002450,-0.000519,0.000536,0.001967
2019-04-19,2019-04-18,1,0.004987,0.006675,-0.001688,0.001967,0.000248,-0.000804,
2019-04-23,2019-04-22,1,0.001881,0.001072,0.000809,0.000862,0.002149,0.000179,0.008951
2019-04-24,2019-04-23,1,-0.002687,0.004352,-0.007040,0.008951,0.013083,-0.000626,-0.002222
2019-04-25,2019-04-24,1,0.004834,-0.000752,0.005586,-0.002222,-0.002318,0.002767,-0.000616
2019-04-26,2019-04-25,1,-0.002192,-0.006300,0.004108,-0.000616,0.002054,-0.004915,0.004646
2019-05-07,2019-05-06,7,-0.015165,-0.003345,-0.011820,0.002633,0.000568,-0.007735,-0.016841
2019-05-08,2019-05-07,1,-0.014756,-0.013579,-0.001177,-0.016841,-0.019834,-0.004706,-0.001390
2019-05-09,2019-05-08,1,-0.009323,-0.005090,-0.004233,-0.001390,-0.002570,-0.001271,-0.003030
2019-05-10,2019-05-09,1,-0.002677,0.001386,-0.004062,-0.003030,-0.004129,-0.003184,0.005011
2019-05-13,2019-05-10,1,-0.007224,-0.007721,0.000497,0.005011,0.000802,0.001730,-0.025451
2019-05-14,2019-05-13,1,-0.005871,-0.015240,0.009369,-0.025451,-0.034689,-0.005838,0.009003
2019-05-15,2019-05-14,1,0.005743,0.002163,0.003580,0.009003,0.011374,0.002650,0.005840
2019-05-16,2019-05-15,1,-0.005944,-0.001670,-0.004274,0.005840,0.011270,-0.000091,0.009219
2019-05-17,2019-05-16,1,0.008844,0.008692,0.000152,0.009219,0.009656,0.002370,-0.006486
2019-05-20,2019-05-17,1,0.002427,0.002626,-0.000199,-0.006486,-0.010407,0.002092,-0.006634
2019-05-21,2019-05-20,1,-0.001375,-0.004256,0.002881,-0.006634,-0.014679,-0.000182,0.008975
2019-05-22,2019-05-21,1,0.000513,0.004740,-0.004227,0.008975,0.010762,0.003990,-0.003076
2019-05-23,2019-05-22,1,-0.006232,-0.004857,-0.001375,-0.003076,-0.004490,-0.001359,-0.012294
2019-05-24,2019-05-23,1,-0.001605,-0.008087,0.006482,-0.012294,-0.015939,-0.006820,0.002266
2019-05-27,2019-05-24,1,0.003090,0.001478,0.001612,0.002266,0.001144,-0.002741,
2019-05-29,2019-05-28,1,-0.012151,-0.009676,-0.002475,-0.009344,-0.003891,-0.001279,-0.006733
2019-05-30,2019-05-29,1,-0.002901,-0.005819,0.002918,-0.006733,-0.007924,0.002010,0.002727
2019-05-31,2019-05-30,1,-0.016433,-0.007540,-0.008893,0.002727,0.002701,0.000182,-0.013567
2019-06-03,2019-05-31,1,-0.009281,-0.013356,0.004075,-0.013567,-0.015255,-0.012302,-0.002546
2019-06-04,2019-06-03,1,-0.000115,0.001223,-0.001338,-0.002546,-0.016249,-0.001849,0.021474
2019-06-05,2019-06-04,1,0.017850,0.012628,0.005222,0.021474,0.026125,0.000740,0.008625
2019-06-06,2019-06-05,1,-0.000099,-0.001458,0.001358,0.008625,0.006404,0.002863,0.006482
2019-06-07,2019-06-06,1,0.005313,0.004119,0.001194,0.006482,0.005275,-0.000461,0.009957
2019-06-10,2019-06-07,1,0.011886,0.010038,0.001848,0.009957,0.016481,-0.002032,0.004578
2019-06-11,2019-06-10,1,0.003300,-0.001652,0.004952,0.004578,0.010417,0.002308,-0.000242
2019-06-12,2019-06-11,1,-0.003522,-0.003491,-0.000032,-0.000242,-0.000077,0.000645,-0.001767
2019-06-13,2019-06-12,1,-0.004635,-0.004212,-0.000424,-0.001767,-0.003823,-0.000092,0.004118
2019-06-14,2019-06-13,1,0.004028,0.000827,0.003201,0.004118,0.005683,-0.001107,-0.001106
2019-06-17,2019-06-14,1,0.000337,-0.001039,0.001376,-0.001106,-0.005177,0.001660,0.000380
2019-06-18,2019-06-17,1,-0.007188,-0.000579,-0.006609,0.000380,0.006183,0.000000,0.010417
2019-06-19,2019-06-18,1,0.017074,0.011871,0.005202,0.010417,0.013781,-0.001014,0.002255
2019-06-20,2019-06-19,1,0.006028,0.003924,0.002104,0.002255,0.004195,-0.003233,0.009509
2019-06-21,2019-06-20,1,-0.009561,0.001155,-0.010716,0.009509,0.007983,-0.007429,-0.006307
2019-06-24,2019-06-21,1,0.001286,-0.001652,0.002937,-0.006307,-0.002441,0.000093,-0.001225
2019-06-25,2019-06-24,1,-0.004340,-0.002254,-0.002086,-0.001225,-0.003244,-0.000186,-0.009856
2019-06-26,2019-06-25,1,-0.005072,-0.005969,0.000897,-0.009856,-0.015227,-0.001026,-0.000998
2019-06-27,2019-06-26,1,0.011860,0.003328,0.008532,-0.000998,0.003197,0.005583,0.003540
2019-06-28,2019-06-27,1,-0.002922,-0.002626,-0.000296,0.003540,0.007279,0.000093,0.005133
2019-07-01,2019-06-28,1,0.021116,0.013555,0.007562,0.005133,0.004818,0.000927,0.009038
2019-07-02,2019-07-01,1,0.001118,-0.001406,0.002524,0.009038,0.010551,0.005085,0.002601
2019-07-03,2019-07-02,1,-0.005352,-0.003232,-0.002119,0.002601,0.002214,-0.005085,0.007963
2019-07-04,2019-07-03,1,0.002967,0.004738,-0.001772,0.007963,0.007511,-0.000556,
2019-07-08,2019-07-05,1,-0.009798,-0.003713,-0.006085,-0.001139,-0.001034,0.006104,-0.005510
2019-07-09,2019-07-08,1,0.001429,0.002958,-0.001529,-0.005510,-0.007799,0.002395,0.001246
2019-07-10,2019-07-09,1,-0.001470,-0.003051,0.001581,0.001246,0.005339,0.001195,0.004767
2019-07-11,2019-07-10,1,0.005098,0.000636,0.004461,0.004767,0.007440,-0.003497,0.002341
2019-07-12,2019-07-11,1,0.001956,0.003533,-0.001578,0.002341,-0.000792,0.000184,0.004467
2019-07-16,2019-07-15,2,-0.006971,-0.001916,-0.005055,0.004800,0.007553,-0.005361,-0.003230
2019-07-17,2019-07-16,1,-0.003073,-0.002819,-0.000254,-0.003230,-0.004293,0.002961,-0.006828
2019-07-18,2019-07-17,1,-0.019896,-0.006185,-0.013711,-0.006828,-0.004582,-0.002591,0.003654
2019-07-19,2019-07-18,1,0.019794,0.004752,0.015042,0.003654,0.002688,-0.006040,-0.005570
2019-07-22,2019-07-19,1,-0.002341,-0.003371,0.001030,-0.005570,-0.007430,0.003814,0.002453
2019-07-23,2019-07-22,1,0.009484,0.000404,0.009081,0.002453,0.007052,0.001485,0.007125
2019-07-24,2019-07-23,1,0.004094,0.004895,-0.000802,0.007125,0.005744,0.003240,0.004689
2019-07-25,2019-07-24,1,0.002162,0.000294,0.001868,0.004689,0.008460,-0.000370,-0.004789
2019-07-26,2019-07-25,1,-0.004533,-0.002593,-0.001940,-0.004789,-0.010019,0.004151,0.006678
2019-07-29,2019-07-26,1,-0.001911,-0.001414,-0.000497,0.006678,0.011066,0.000368,-0.001823
2019-07-30,2019-07-29,1,0.004270,0.003003,0.001267,-0.001823,-0.004437,0.001012,-0.002458
2019-07-31,2019-07-30,1,-0.008687,-0.008462,-0.000225,-0.002458,-0.002381,-0.001656,-0.011001
2019-08-01,2019-07-31,1,0.000904,-0.007460,0.008364,-0.011001,-0.011939,0.001380,-0.008746
2019-08-02,2019-08-01,1,-0.021293,-0.015435,-0.005858,-0.008746,-0.007896,-0.013052,-0.007558
2019-08-05,2019-08-02,1,-0.017551,-0.008438,-0.009113,-0.007558,-0.013286,-0.007012,-0.030535
2019-08-06,2019-08-05,1,-0.006536,-0.019236,0.012700,-0.030535,-0.035354,-0.006023,0.013925
2019-08-07,2019-08-06,1,-0.003345,-0.001811,-0.001535,0.013925,0.013784,0.004990,0.000591
2019-08-08,2019-08-07,1,0.003736,0.000620,0.003116,0.000591,0.003767,-0.001974,0.019430
2019-08-09,2019-08-08,1,0.004432,0.007971,-0.003539,0.019430,0.022178,-0.001884,-0.006835
2019-08-13,2019-08-12,2,-0.011151,-0.012265,0.001113,-0.019083,-0.022104,-0.007287,0.015432
2019-08-14,2019-08-13,1,0.009715,0.010434,-0.000719,0.015432,0.019264,0.013584,-0.030014
2019-08-15,2019-08-14,1,-0.012152,-0.016149,0.003997,-0.030014,-0.030707,-0.007901,0.002638
2019-08-16,2019-08-15,1,0.000645,-0.004011,0.004656,0.002638,-0.000942,0.002075,0.014647
2019-08-19,2019-08-16,1,0.007045,0.008372,-0.001327,0.014647,0.016520,0.002353,0.011976
2019-08-20,2019-08-19,1,0.005531,0.002050,0.003482,0.011976,0.013438,0.002442,-0.007692
2019-08-21,2019-08-20,1,-0.002840,-0.009097,0.006257,-0.007692,-0.006802,-0.003759,0.008103
2019-08-22,2019-08-21,1,0.000458,0.004235,-0.003777,0.008103,0.008974,0.003665,-0.000308
2019-08-23,2019-08-22,1,0.004011,-0.002331,0.006342,-0.000308,-0.003600,-0.001784,-0.026023
2019-08-26,2019-08-23,1,-0.021961,-0.018787,-0.003173,-0.026023,-0.030444,-0.009726,0.010998
2019-08-27,2019-08-26,1,0.009580,0.010125,-0.000544,0.010998,0.013067,0.006903,-0.003931
2019-08-28,2019-08-27,1,0.001140,0.000891,0.000250,-0.003931,-0.003416,-0.003776,0.007017
2019-08-29,2019-08-28,1,-0.000903,0.001029,-0.001932,0.007017,0.003817,0.003682,0.012692
2019-08-30,2019-08-29,1,0.011828,0.008786,0.003042,0.012692,0.014720,0.003669,-0.000444
2019-09-02,2019-08-30,1,-0.004074,-0.003804,-0.000270,-0.000444,-0.001319,-0.001974,
2019-09-04,2019-09-03,1,0.001162,-0.002257,0.003419,-0.005864,-0.011204,-0.002734,0.011286
2019-09-05,2019-09-04,1,0.020933,0.007293,0.013640,0.011286,0.012961,0.004333,0.012773
2019-09-06,2019-09-05,1,0.005374,0.005481,-0.000107,0.012773,0.017392,0.005063,0.000772
2019-09-09,2019-09-06,1,0.005591,0.000707,0.004884,0.000772,-0.001697,-0.000187,0.000503
2019-09-10,2019-09-09,1,0.003450,0.002116,0.001335,0.000503,-0.001931,0.003082,-0.000235
2019-09-11,2019-09-10,1,0.009568,0.003479,0.006089,-0.000235,-0.000407,0.002794,0.007086
2019-09-12,2019-09-11,1,0.007466,0.007534,-0.000068,0.007086,0.010524,0.002601,0.003458
2019-09-13,2019-09-12,1,0.010455,0.006789,0.003666,0.003458,0.003030,0.002594,-0.000664
2019-09-17,2019-09-16,2,0.000592,-0.001853,0.002445,-0.003758,-0.005007,0.000278,0.002529
2019-09-18,2019-09-17,1,-0.001848,0.000606,-0.002453,0.002529,0.003976,0.000000,0.000598
2019-09-19,2019-09-18,1,0.003806,0.004713,-0.000907,0.000598,-0.001055,0.002955,-0.000066
2019-09-20,2019-09-19,1,0.001570,0.003907,-0.002337,-0.000066,0.000671,-0.004066,-0.009343
2019-09-24,2019-09-23,2,0.000894,0.000736,0.000158,-0.009578,-0.008643,-0.004268,-0.007878
2019-09-25,2019-09-24,1,-0.003567,-0.006220,0.002652,-0.007878,-0.014756,-0.004567,0.005897
2019-09-26,2019-09-25,1,0.001275,0.006354,-0.005080,0.005897,0.010423,0.006611,-0.002085
2019-09-27,2019-09-26,1,-0.007710,-0.005152,-0.002558,-0.002085,-0.005801,0.000557,-0.005402
2019-09-30,2019-09-27,1,-0.005640,-0.003896,-0.001745,-0.005402,-0.011400,0.000927,0.004627
2019-10-01,2019-09-30,1,0.005930,0.003469,0.002461,0.004627,0.007491,0.001296,-0.011966
2019-10-02,2019-10-01,1,-0.004884,-0.006446,0.001562,-0.011966,-0.011398,-0.002966,-0.017823
2019-10-03,2019-10-02,1,-0.020264,-0.016500,-0.003764,-0.017823,-0.015731,-0.005305,0.008159
2019-10-04,2019-10-03,1,0.003203,-0.001198,0.004401,0.008159,0.011116,-0.002523,0.013441
2019-10-07,2019-10-04,1,-0.001634,0.001658,-0.003292,0.013441,0.013903,0.000281,-0.004324
2019-10-08,2019-10-07,1,0.009894,0.005562,0.004331,-0.004324,-0.003285,0.003268,-0.015647
2019-10-09,2019-10-08,1,-0.006105,-0.010615,0.004510,-0.015647,-0.016796,-0.001959,0.009452
2019-10-10,2019-10-09,1,0.004446,-0.000005,0.004451,0.009452,0.010170,0.003636,0.006741
2019-10-11,2019-10-10,1,0.011390,0.009143,0.002248,0.006741,0.005934,0.004642,0.010314
2019-10-15,2019-10-14,2,0.018559,0.012076,0.006483,0.009199,0.012236,0.003883,0.009852
2019-10-16,2019-10-15,1,0.011894,0.012190,-0.000296,0.009852,0.012355,0.004235,-0.001607
2019-10-17,2019-10-16,1,-0.000938,-0.000969,0.000032,-0.001607,-0.003015,-0.000827,0.002945
2019-10-18,2019-10-17,1,0.001816,0.003410,-0.001594,0.002945,0.004013,-0.000920,-0.004387
2019-10-21,2019-10-18,1,0.002496,0.002156,0.000341,-0.004387,-0.008286,-0.002119,0.006756
2019-10-23,2019-10-22,2,0.003386,0.003138,0.000248,0.003484,0.001823,0.000461,0.002905
2019-10-24,2019-10-23,1,0.005519,0.004413,0.001107,0.002905,0.001910,0.001934,0.001633
2019-10-25,2019-10-24,1,0.002161,0.000116,0.002045,0.001633,0.008097,-0.000644,0.004087
2019-10-28,2019-10-25,1,0.002954,0.002393,0.000561,0.004087,0.006978,0.000276,0.005621
2019-10-29,2019-10-28,1,0.004662,0.003646,0.001016,0.005621,0.010003,0.002758,-0.000297
2019-10-30,2019-10-29,1,-0.005719,-0.000913,-0.004806,-0.000297,-0.005919,-0.000643,0.003063
2019-10-31,2019-10-30,1,0.003667,0.002928,0.000739,0.003063,0.003272,-0.000367,-0.002667
2019-11-01,2019-10-31,1,-0.003332,-0.008610,0.005278,-0.002667,-0.001400,-0.007471,0.009221
2019-11-05,2019-11-04,2,0.017406,0.011661,0.005745,0.013231,0.016842,0.004987,-0.001107
2019-11-06,2019-11-05,1,0.002227,0.003928,-0.001702,-0.001107,0.000175,0.005420,0.000228
2019-11-07,2019-11-06,1,0.001137,-0.000888,0.002024,0.000228,-0.002855,-0.001742,0.003511
2019-11-08,2019-11-07,1,0.002635,0.009374,-0.006739,0.003511,0.002836,0.002841,0.002463
2019-11-11,2019-11-08,1,-0.002570,0.001293,-0.003862,0.002463,0.004824,0.000000,-0.001912
2019-11-12,2019-11-11,1,0.008033,0.000194,0.007838,-0.001912,-0.001302,-0.002107,0.002106
2019-11-13,2019-11-12,1,-0.008546,-0.003440,-0.005106,0.002106,0.002573,-0.000367,0.000324
2019-11-14,2019-11-13,1,-0.007676,0.000241,-0.007917,0.000324,-0.000470,-0.001745,0.001455
2019-11-15,2019-11-14,1,0.006966,0.000820,0.006146,0.001455,-0.000363,-0.003867,0.007210
2019-11-18,2019-11-15,1,0.004856,0.000040,0.004816,0.007210,0.007263,0.003132,0.000737
2019-11-19,2019-11-18,1,-0.005314,-0.002155,-0.003160,0.000737,0.001066,-0.000644,-0.000288
2019-11-20,2019-11-19,1,-0.006205,-0.004999,-0.001205,-0.000288,0.002420,-0.001197,-0.003726
2019-11-21,2019-11-20,1,-0.004763,-0.003335,-0.001427,-0.003726,-0.005139,0.000645,-0.001610
2019-11-22,2019-11-21,1,0.003220,-0.000358,0.003578,-0.001610,-0.002409,0.000276,0.002221
2019-11-25,2019-11-22,1,0.007755,0.007756,-0.000002,0.002221,0.001607,0.000092,0.007720
2019-11-26,2019-11-25,1,0.003450,0.006785,-0.003335,0.007720,0.013130,0.002390,0.002263
2019-11-27,2019-11-26,1,0.002754,0.003397,-0.000643,0.002263,0.001787,0.001193,0.004448
2019-11-28,2019-11-27,1,-0.001222,0.000900,-0.002123,0.004448,0.006597,0.004758,
2019-12-02,2019-11-29,1,0.010063,0.004058,0.006005,-0.003716,-0.004571,0.000091,-0.008531
2019-12-03,2019-12-02,1,-0.006382,-0.012761,0.006379,-0.008531,-0.011313,-0.004851,-0.006729
2019-12-04,2019-12-03,1,-0.010516,-0.008292,-0.002224,-0.006729,-0.005542,-0.003309,0.006151
2019-12-05,2019-12-04,1,0.007101,0.006783,0.000317,0.006151,0.005388,0.002115,0.001796
2019-12-06,2019-12-05,1,0.002328,0.002040,0.000288,0.001796,0.000470,-0.000919,0.009093
2019-12-09,2019-12-06,1,0.003262,0.008099,-0.004837,0.009093,0.009965,-0.001472,-0.003149
2019-12-10,2019-12-09,1,-0.000876,-0.002492,0.001616,-0.003149,-0.004017,-0.000368,-0.001116
2019-12-11,2019-12-10,1,-0.000783,0.000468,-0.001251,-0.001116,-0.000656,0.001381,0.002835
2019-12-12,2019-12-11,1,0.001408,0.002452,-0.001044,0.002835,0.004386,-0.001473,0.008582
2019-12-13,2019-12-12,1,0.025220,0.016333,0.008887,0.008582,0.007284,0.006886,0.000599
2019-12-16,2019-12-13,1,-0.002949,-0.002830,-0.000119,0.000599,0.002012,0.000640,0.006847
2019-12-17,2019-12-16,1,0.004739,0.005777,-0.001038,0.006847,0.009043,0.001188,0.000219
2019-12-18,2019-12-17,1,-0.005487,-0.001782,-0.003705,0.000219,0.001035,-0.000183,0.000063
2019-12-19,2019-12-18,1,-0.002911,-0.000960,-0.001951,0.000063,0.000496,0.000548,0.004091
2019-12-20,2019-12-19,1,-0.002023,0.001198,-0.003220,0.004091,0.006715,-0.001462,-0.000530
2019-12-23,2019-12-20,1,0.000188,0.004385,-0.004197,-0.000530,0.004236,0.000640,0.001527
2019-12-24,2019-12-23,1,0.000397,0.000758,-0.000361,0.001527,0.002317,-0.000457,0.000031
2019-12-25,2019-12-24,1,-0.002004,-0.000713,-0.001291,0.000031,0.000808,0.000000,
2019-12-27,2019-12-26,1,-0.003651,0.001204,-0.004856,0.005309,0.007734,0.002557,-0.000248
2019-12-30,2019-12-27,1,-0.007626,-0.002806,-0.004820,-0.000248,-0.001749,-0.002009,-0.005528
2020-01-06,2020-01-03,4,-0.019281,-0.014342,-0.004939,-0.001395,0.001570,-0.012231,0.003808
2020-01-07,2020-01-06,1,0.015856,0.004955,0.010901,0.003808,0.005605,0.002587,-0.002816
2020-01-08,2020-01-07,1,-0.015860,-0.015311,-0.000548,-0.002816,-0.000319,0.000554,0.005315
2020-01-09,2020-01-08,1,0.022798,0.013931,0.008867,0.005315,0.006667,0.006436,0.006758
2020-01-10,2020-01-09,1,0.004652,0.003087,0.001565,0.006758,0.008094,0.003568,-0.002882
2020-01-14,2020-01-13,2,0.007294,0.004955,0.002339,0.003972,0.007631,0.003828,-0.001526
2020-01-15,2020-01-14,1,-0.004530,-0.004242,-0.000288,-0.001526,-0.002440,0.000364,0.002257
2020-01-16,2020-01-15,1,0.000692,0.001822,-0.001130,0.002257,0.000795,-0.000819,0.008284
2020-01-17,2020-01-16,1,0.004508,0.007091,-0.002583,0.008284,0.010576,0.002363,0.003108
2020-01-20,2020-01-17,1,0.001756,0.001638,0.000118,0.003108,0.003394,0.000000,
2020-01-22,2020-01-21,1,0.006965,-0.001219,0.008184,-0.001960,-0.001933,-0.002909,0.000121
2020-01-23,2020-01-22,1,-0.009865,-0.007847,-0.002018,0.000121,0.001382,-0.000273,0.001146
2020-01-24,2020-01-23,1,0.001333,0.002295,-0.000962,0.001146,0.001992,-0.003192,-0.008933
2020-01-27,2020-01-24,1,-0.020508,-0.016899,-0.003609,-0.008933,-0.009357,-0.001920,-0.016159
2020-01-28,2020-01-27,1,-0.005490,-0.009321,0.003831,-0.016159,-0.019031,-0.003484,0.010425
2020-01-29,2020-01-28,1,0.007026,0.004024,0.003002,0.010425,0.014164,0.002202,-0.000826
2020-01-30,2020-01-29,1,-0.017329,-0.004064,-0.013265,-0.000826,0.000591,-0.001284,0.003240
2020-01-31,2020-01-30,1,0.009849,0.007422,0.002427,0.003240,0.002559,-0.000367,-0.018325
2020-02-03,2020-01-31,1,-0.010102,-0.014363,0.004261,-0.018325,-0.016043,-0.005245,0.007401
2020-02-04,2020-02-03,1,0.004892,-0.003961,0.008853,0.007401,0.013293,0.002672,0.015126
2020-02-05,2020-02-04,1,0.010127,0.011495,-0.001367,0.015126,0.020764,0.007700,0.011482
2020-02-06,2020-02-05,1,0.023480,0.013694,0.009786,0.011482,0.004291,0.002645,0.003359
2020-02-07,2020-02-06,1,-0.001912,0.001064,-0.002977,0.003359,0.006653,0.001729,-0.005344
2020-02-10,2020-02-07,1,-0.005977,-0.008268,0.002290,-0.005344,-0.005409,-0.002458,0.007438
2020-02-12,2020-02-11,2,0.007371,0.002329,0.005042,0.009169,0.012363,0.000456,0.006422
2020-02-13,2020-02-12,1,-0.001404,-0.000480,-0.000924,0.006422,0.008987,0.002820,-0.001068
2020-02-14,2020-02-13,1,-0.005899,-0.004763,-0.001136,-0.001068,-0.001439,-0.002456,0.001601
2020-02-17,2020-02-14,1,-0.006962,-0.008386,0.001423,0.001601,0.001976,-0.000638,
2020-02-19,2020-02-18,1,0.008881,0.005826,0.003055,-0.002580,0.000160,-0.000182,0.004770
2020-02-20,2020-02-19,1,0.003347,0.011298,-0.007951,0.004770,0.008638,0.013472,-0.004117
2020-02-21,2020-02-20,1,-0.003944,-0.002191,-0.001753,-0.004117,-0.006767,0.006802,-0.010352
2020-02-25,2020-02-24,2,-0.033980,-0.018879,-0.015101,-0.044080,-0.055853,-0.012566,-0.030771
2020-02-26,2020-02-25,1,-0.007960,-0.010283,0.002324,-0.030771,-0.028118,-0.004799,-0.003685
2020-02-27,2020-02-26,1,-0.021543,-0.007625,-0.013917,-0.003685,0.001689,0.002176,-0.045951
2020-02-28,2020-02-27,1,-0.037380,-0.019796,-0.017583,-0.045951,-0.047229,-0.007636,-0.004210
2020-03-02,2020-02-28,1,0.009467,-0.013963,0.023431,-0.004210,0.000104,-0.013876,0.042395
2020-03-03,2020-03-02,1,-0.012320,0.014323,-0.026643,0.042395,0.043935,0.002126,-0.029050
2020-03-04,2020-03-03,1,0.000822,-0.008839,0.009661,-0.029050,-0.030403,-0.010955,0.041174
2020-03-05,2020-03-04,1,0.010797,0.014109,-0.003312,0.041174,0.037740,0.003727,-0.033807
2020-03-06,2020-03-05,1,-0.027539,-0.015084,-0.012455,-0.033807,-0.031484,-0.012729,-0.016669
2020-03-09,2020-03-06,1,-0.051979,-0.019782,-0.032196,-0.016669,-0.018826,-0.008134,-0.081313
2020-03-10,2020-03-09,1,0.008510,-0.011430,0.019940,-0.081313,-0.075666,-0.028513,0.050451
2020-03-11,2020-03-10,1,-0.022966,-0.005494,-0.017471,0.050451,0.048315,0.031642,-0.049977
2020-03-12,2020-03-11,1,-0.045112,-0.018272,-0.026840,-0.049977,-0.048143,-0.010468,-0.100569
2020-03-13,2020-03-12,1,-0.062736,-0.020476,-0.042260,-0.100569,-0.099099,0.000956,0.082028
2020-03-16,2020-03-13,1,-0.024920,0.008855,-0.033774,0.082028,0.089347,0.030867,-0.115887
2020-03-17,2020-03-16,1,0.000558,-0.016312,0.016870,-0.115887,-0.131492,-0.019275,0.052585
2020-03-18,2020-03-17,1,-0.016894,0.008345,-0.025239,0.052585,0.060441,0.017048,-0.051960
2020-03-19,2020-03-18,1,-0.010440,0.015967,-0.026407,-0.051960,-0.048170,0.003616,0.002123
2020-03-23,2020-03-20,2,0.020033,0.001071,0.018962,-0.047791,-0.015909,0.025040,-0.025901
2020-03-24,2020-03-23,1,0.068899,0.018719,0.050180,-0.025901,-0.002744,0.003604,0.086731
2020-03-25,2020-03-24,1,0.077314,0.019402,0.057912,0.086731,0.078086,0.000090,0.014859
2020-03-26,2020-03-25,1,-0.046174,-0.016083,-0.030091,0.014859,-0.004534,-0.000180,0.056749
2020-03-27,2020-03-26,1,0.038099,0.018966,0.019133,0.056749,0.054452,-0.014586,-0.030238
2020-03-30,2020-03-27,1,-0.015827,-0.026409,0.010582,-0.030238,-0.038588,-0.015543,0.031960
2020-03-31,2020-03-30,1,-0.008840,0.005066,-0.013906,0.031960,0.035584,-0.000742,-0.015018
2020-04-01,2020-03-31,1,-0.046062,-0.012281,-0.033782,-0.015018,-0.009571,-0.002601,-0.046049
2020-04-02,2020-04-01,1,-0.013749,-0.007277,-0.006472,-0.046049,-0.045095,-0.003540,0.022813
2020-04-03,2020-04-02,1,0.000082,0.007421,-0.007338,0.022813,0.017071,0.006975,-0.014560
2020-04-06,2020-04-03,1,0.041554,0.002119,0.039436,-0.014560,-0.015374,0.005084,0.065007
2020-04-07,2020-04-06,1,0.019927,0.016156,0.003771,0.065007,0.070702,0.006892,0.001019
2020-04-08,2020-04-07,1,0.021046,0.005136,0.015910,0.001019,-0.003289,-0.004589,0.033017
2020-04-09,2020-04-08,1,-0.000386,0.001175,-0.001561,0.033017,0.025491,0.001011,0.015103
2020-04-10,2020-04-09,1,0.007864,0.007944,-0.000081,0.015103,0.007716,-0.003222,
2020-04-14,2020-04-13,1,0.030787,0.005598,0.025189,-0.009172,0.004753,-0.006475,0.029066
2020-04-15,2020-04-14,1,-0.004528,-0.002527,-0.002001,0.029066,0.038707,-0.005210,-0.021477
2020-04-16,2020-04-15,1,-0.013383,-0.012289,-0.001093,-0.021477,-0.014497,0.002515,0.004813
2020-04-17,2020-04-16,1,0.030985,0.014699,0.016285,0.004813,0.016447,0.004364,0.026657
2020-04-20,2020-04-17,1,-0.011532,-0.010479,-0.001053,0.026657,0.013710,-0.003992,-0.017775
2020-04-21,2020-04-20,1,-0.019941,-0.009670,-0.010271,-0.017775,-0.010390,0.000930,-0.030834
2020-04-22,2020-04-21,1,-0.007435,-0.008940,0.001504,-0.030834,-0.035370,0.001393,0.021952
2020-04-23,2020-04-22,1,0.015116,0.009107,0.006009,0.021952,0.027707,-0.000371,-0.000072
2020-04-24,2020-04-23,1,-0.008655,-0.005035,-0.003620,-0.000072,-0.000074,-0.001301,0.013842
2020-04-27,2020-04-24,1,0.026700,0.007697,0.019002,0.013842,0.016320,-0.000744,0.014315
2020-04-28,2020-04-27,1,-0.000608,-0.000356,-0.000252,0.014315,0.011016,-0.002608,-0.004609
2020-04-30,2020-04-29,2,0.021144,0.016777,0.004368,0.021233,0.020919,-0.004862,-0.009354
2020-05-01,2020-04-30,1,-0.028854,-0.010039,-0.018814,-0.009354,-0.002826,0.004395,-0.026830
2020-05-07,2020-05-06,4,0.002821,-0.007718,0.010538,-0.021681,-0.003963,-0.009657,0.011995
2020-05-08,2020-05-07,1,0.025310,0.014999,0.010311,0.011995,0.014049,0.001224,0.016411
2020-05-11,2020-05-08,1,0.010430,0.007634,0.002796,0.016411,0.015653,0.003569,0.000205
2020-05-12,2020-05-11,1,-0.001187,0.001106,-0.002293,0.000205,0.007756,0.009426,-0.020133
2020-05-13,2020-05-12,1,-0.004894,-0.011137,0.006243,-0.020133,-0.020863,-0.004935,-0.017844
2020-05-14,2020-05-13,1,-0.017534,-0.006264,-0.011270,-0.017844,-0.015603,-0.001027,0.011896
2020-05-15,2020-05-14,1,0.006142,0.011732,-0.005590,0.011896,0.009047,0.002054,0.004586
2020-05-18,2020-05-15,1,0.004792,0.002997,0.001795,0.004586,0.007889,-0.002054,0.030005
2020-05-19,2020-05-18,1,0.014777,0.016540,-0.001764,0.030005,0.024141,0.002892,-0.010324
2020-05-20,2020-05-19,1,0.007882,0.001029,0.006853,-0.010324,-0.005400,0.003256,0.016845
2020-05-21,2020-05-20,1,-0.002082,0.004720,-0.006802,0.016845,0.020547,-0.001580,-0.006928
2020-05-22,2020-05-21,1,-0.008019,0.001538,-0.009557,-0.006928,-0.009742,0.000930,0.001897
2020-05-25,2020-05-22,1,0.017189,0.012926,0.004263,0.001897,0.004268,0.000000,
2020-05-27,2020-05-26,1,0.006936,-0.001028,0.007965,0.012245,0.001675,-0.001580,0.014769
2020-05-28,2020-05-27,1,0.022942,0.009001,0.013941,0.014769,0.007694,0.001766,-0.001847
2020-05-29,2020-05-28,1,-0.001755,-0.004971,0.003217,-0.001847,-0.004618,-0.000743,0.004446
2020-06-01,2020-05-29,1,0.008398,0.001507,0.006891,0.004446,0.012820,0.001300,0.004034
2020-06-02,2020-06-01,1,0.011860,0.005115,0.006745,0.004034,0.006531,-0.001765,0.008246
2020-06-03,2020-06-02,1,0.012824,0.014382,-0.001558,0.008246,0.005880,0.009989,0.013220
2020-06-04,2020-06-03,1,0.003619,0.011929,-0.008311,0.013220,0.007727,0.002114,-0.002630
2020-06-05,2020-06-04,1,0.007375,-0.003649,0.011023,-0.002630,-0.006954,0.002202,0.025307
2020-06-08,2020-06-05,1,0.013656,0.011232,0.002424,0.025307,0.020409,0.004115,0.012015
2020-06-09,2020-06-08,1,-0.003764,-0.001827,-0.001937,0.012015,0.011214,-0.010642,-0.007485
2020-06-10,2020-06-09,1,0.001468,-0.006606,0.008074,-0.007485,0.002918,-0.006477,-0.005596
2020-06-11,2020-06-10,1,-0.028602,-0.012048,-0.016554,-0.005596,0.006669,-0.005866,-0.059377
2020-06-12,2020-06-11,1,-0.007478,-0.017542,0.010064,-0.059377,-0.054092,-0.002244,0.011905
2020-06-15,2020-06-12,1,-0.035341,-0.007660,-0.027681,0.011905,0.010071,0.004575,0.009292
2020-06-16,2020-06-15,1,0.047671,0.017556,0.030115,0.009292,0.014208,-0.000280,0.019065
2020-06-17,2020-06-16,1,-0.005615,-0.002886,-0.002730,0.019065,0.017313,0.000093,-0.004162
2020-06-18,2020-06-17,1,-0.004477,-0.004100,-0.000377,-0.004162,0.001480,-0.002986,0.000385
2020-06-19,2020-06-18,1,0.005502,0.007144,-0.001643,0.000385,0.003276,-0.000374,-0.010122
2020-06-22,2020-06-19,1,-0.001849,-0.005581,0.003732,-0.010122,0.000309,-0.000842,0.006395
2020-06-23,2020-06-22,1,0.004970,0.008821,-0.003851,0.006395,0.011035,0.000000,0.004593
2020-06-24,2020-06-23,1,-0.000653,-0.000357,-0.000297,0.004593,0.007419,-0.003374,-0.025840
2020-06-25,2020-06-24,1,-0.012258,-0.010997,-0.001261,-0.025840,-0.022176,0.004777,0.010663
2020-06-26,2020-06-25,1,0.011270,0.007366,0.003904,0.010663,0.010823,0.001587,-0.024038
2020-06-29,2020-06-26,1,-0.023235,-0.011483,-0.011752,-0.024038,-0.026276,0.000187,0.014591
2020-06-30,2020-06-29,1,0.013238,0.015342,-0.002105,0.014591,0.011913,0.003259,0.012728
2020-07-01,2020-06-30,1,-0.007494,0.002248,-0.009742,0.012728,0.018524,0.003341,0.006980
2020-07-02,2020-07-01,1,0.001095,0.002751,-0.001657,0.006980,0.009486,-0.004272,0.005492
2020-07-03,2020-07-02,1,0.007222,0.005447,0.001775,0.005492,0.005206,0.000186,
2020-07-07,2020-07-06,1,-0.004401,-0.002845,-0.001556,0.015319,0.021901,-0.001396,-0.010367
2020-07-08,2020-07-07,1,-0.007815,-0.005902,-0.001913,-0.010367,-0.008640,0.001489,0.007620
2020-07-09,2020-07-08,1,0.004031,0.000163,0.003869,0.007620,0.014265,-0.002421,-0.005709
2020-07-10,2020-07-09,1,-0.010642,0.000252,-0.010894,-0.005709,0.005252,-0.000560,0.010159
2020-07-13,2020-07-10,1,0.021917,0.013413,0.008504,0.010159,0.006585,-0.002803,-0.008697
2020-07-14,2020-07-13,1,-0.008716,-0.006732,-0.001984,-0.008697,-0.021573,0.003456,0.012876
2020-07-15,2020-07-14,1,0.015747,0.010171,0.005576,0.012876,0.009362,-0.000280,0.009145
2020-07-16,2020-07-15,1,-0.007662,-0.001637,-0.006025,0.009145,0.005885,-0.002895,-0.003299
2020-07-17,2020-07-16,1,-0.003252,0.001633,-0.004885,-0.003299,-0.007293,0.003175,0.002895
2020-07-20,2020-07-17,1,0.000927,0.003328,-0.002400,0.002895,0.002799,-0.002520,0.008049
2020-07-21,2020-07-20,1,0.007313,0.003160,0.004153,0.008049,0.024815,0.002334,0.002125
2020-07-22,2020-07-21,1,-0.005812,-0.004049,-0.001763,0.002125,-0.008088,-0.004486,0.005676
2020-07-27,2020-07-24,3,-0.001573,-0.011301,0.009728,-0.012789,-0.030147,-0.006013,0.007266
2020-07-28,2020-07-27,1,-0.002577,0.000844,-0.003421,0.007266,0.016564,-0.007093,-0.006363
2020-07-29,2020-07-28,1,-0.011554,-0.005022,-0.006532,-0.006363,-0.012817,-0.002756,0.012224
2020-07-30,2020-07-29,1,-0.002588,0.004105,-0.006693,0.012224,0.013450,-0.001619,-0.003574
2020-07-31,2020-07-30,1,-0.028571,-0.003212,-0.025359,-0.003574,0.004247,-0.001813,0.007871
2020-08-03,2020-07-31,1,0.022111,0.010884,0.011227,0.007871,0.014762,0.011016,0.006928
2020-08-04,2020-08-03,1,0.016900,0.008272,0.008628,0.006928,0.014554,0.000567,0.003855
2020-08-05,2020-08-04,1,-0.002609,-0.004170,0.001562,0.003855,0.003513,-0.002268,0.006192
2020-08-06,2020-08-05,1,-0.004304,-0.001918,-0.002386,0.006192,0.005217,-0.001231,0.006662
2020-08-07,2020-08-06,1,-0.003943,0.000697,-0.004639,0.006662,0.009922,-0.000284,0.000718
2020-08-11,2020-08-10,2,0.018647,0.007832,0.010816,0.003702,-0.012657,0.003877,-0.008289
2020-08-12,2020-08-11,1,0.004111,-0.000123,0.004234,-0.008289,-0.017061,0.004990,0.013846
2020-08-13,2020-08-12,1,0.017602,0.012157,0.005445,0.013846,0.021053,0.003843,-0.001809
2020-08-14,2020-08-13,1,0.001708,0.003191,-0.001483,-0.001809,0.002744,0.000281,0.000030
2020-08-17,2020-08-14,1,-0.008305,-0.004298,-0.004007,0.000030,-0.002103,-0.003091,0.003172
2020-08-18,2020-08-17,1,-0.001979,0.000045,-0.002025,0.003172,0.009972,-0.005645,0.002158
2020-08-19,2020-08-18,1,0.002579,-0.002308,0.004888,0.002158,0.007261,-0.005392,-0.004172
2020-08-20,2020-08-19,1,-0.010002,-0.004642,-0.005360,-0.004172,-0.005759,0.006430,0.003109
2020-08-21,2020-08-20,1,0.001733,0.006193,-0.004460,0.003109,0.010574,-0.002926,0.003541
2020-08-24,2020-08-21,1,0.002841,-0.000310,0.003151,0.003541,0.004150,-0.000095,0.010082
2020-08-25,2020-08-24,1,0.013451,0.011129,0.002322,0.010082,0.005986,0.001795,0.003493
2020-08-26,2020-08-25,1,-0.000254,-0.001706,0.001453,0.003493,0.007594,0.003674,0.009976
2020-08-27,2020-08-26,1,-0.003527,0.000866,-0.004393,0.009976,0.017171,-0.003579,0.002184
2020-08-28,2020-08-27,1,-0.014155,0.001009,-0.015165,0.002184,-0.003411,0.005364,0.006439
2020-08-31,2020-08-28,1,0.011173,0.011492,-0.000319,0.006439,0.006028,-0.011421,-0.003629
2020-09-01,2020-08-31,1,-0.000073,-0.002169,0.002096,-0.003629,0.006802,0.005208,0.009375
2020-09-02,2020-09-01,1,0.004703,0.005303,-0.000599,0.009375,0.013849,0.000566,0.014360
2020-09-03,2020-09-02,1,0.009350,0.011859,-0.002509,0.014360,0.009732,0.002168,-0.035020
2020-09-04,2020-09-03,1,-0.011146,-0.014388,0.003242,-0.035020,-0.050902,-0.000094,-0.008198
2020-09-07,2020-09-04,1,-0.004989,-0.002587,-0.002402,-0.008198,-0.012733,0.000565,
2020-09-09,2020-09-08,1,-0.010434,-0.013289,0.002854,-0.027703,-0.042012,-0.002261,0.019555
2020-09-10,2020-09-09,1,0.008772,0.006963,0.001809,0.019555,0.026730,0.001508,-0.017516
2020-09-11,2020-09-10,1,0.007333,-0.005214,0.012548,-0.017516,-0.020124,-0.000377,0.000509
2020-09-14,2020-09-11,1,0.006507,0.001053,0.005454,0.000509,-0.006066,0.000094,0.013085
2020-09-15,2020-09-14,1,-0.004442,-0.005127,0.000685,0.013085,0.018540,-0.003965,0.005040
2020-09-16,2020-09-15,1,0.000880,-0.001265,0.002145,0.005040,0.012017,-0.002747,-0.003977
2020-09-17,2020-09-16,1,-0.006674,-0.002513,-0.004162,-0.003977,-0.012576,-0.004658,-0.008834
2020-09-18,2020-09-17,1,0.001754,0.000078,0.001676,-0.008834,-0.012767,-0.002003,-0.015574
2020-09-23,2020-09-22,3,-0.000591,-0.004910,0.004318,-0.016634,0.004891,0.001717,-0.023464
2020-09-24,2020-09-23,1,-0.011141,-0.005648,-0.005493,-0.023464,-0.030620,0.004375,0.002662
2020-09-25,2020-09-24,1,0.005046,0.005594,-0.000548,0.002662,0.003687,0.000285,0.016038
2020-09-28,2020-09-25,1,0.013143,0.008041,0.005102,0.016038,0.022358,0.001896,0.016473
2020-09-29,2020-09-28,1,0.001168,-0.004310,0.005478,0.016473,0.018517,-0.001042,-0.005461
2020-09-30,2020-09-29,1,-0.015152,-0.002563,-0.012589,-0.005461,-0.002908,0.001421,0.007553
2020-10-01,2020-09-30,1,0.000000,0.000000,0.000000,0.007553,0.007393,-0.001800,0.006399
2020-10-02,2020-10-01,1,-0.006717,0.004719,-0.011437,0.006399,0.014131,0.000474,-0.009540
2020-10-05,2020-10-02,1,0.012181,0.009696,0.002485,-0.009540,-0.022455,-0.001613,0.017578
2020-10-06,2020-10-05,1,0.005202,0.004619,0.000583,0.017578,0.022982,0.003696,-0.014318
2020-10-07,2020-10-06,1,-0.000466,-0.006906,0.006441,-0.014318,-0.015821,-0.000946,0.017257
2020-10-08,2020-10-07,1,0.009528,0.003559,0.005969,0.017257,0.018651,0.003214,0.008823
2020-10-09,2020-10-08,1,-0.001159,0.002820,-0.003979,0.008823,0.004949,0.000472,0.008891
2020-10-12,2020-10-09,1,-0.002586,-0.001311,-0.001275,0.008891,0.013823,-0.003970,0.015960
2020-10-13,2020-10-12,1,0.001827,0.004625,-0.002798,0.015960,0.025266,-0.002750,-0.006547
2020-10-14,2020-10-13,1,0.001057,-0.002381,0.003437,-0.006547,-0.001041,0.001613,-0.006303
2020-10-15,2020-10-14,1,-0.005071,-0.003319,-0.001752,-0.006303,-0.008054,-0.003039,-0.001237
2020-10-16,2020-10-15,1,-0.004118,-0.001227,-0.002891,-0.001237,-0.004672,0.002754,-0.000604
2020-10-19,2020-10-16,1,0.011066,0.005668,0.005398,-0.000604,-0.003618,-0.000379,-0.015320
2020-10-20,2020-10-19,1,-0.004407,-0.003524,-0.000883,-0.015320,-0.016646,0.000190,0.003998
2020-10-21,2020-10-20,1,0.003068,0.002055,0.001013,0.003998,0.003262,0.000664,-0.001895
2020-10-22,2020-10-21,1,-0.007012,-0.004829,-0.002184,-0.001895,-0.002765,-0.008855,0.005470
2020-10-23,2020-10-22,1,0.001801,0.003591,-0.001789,0.005470,0.001855,0.002484,0.003389
2020-10-26,2020-10-23,1,-0.000947,0.000178,-0.001125,0.003389,0.003667,-0.001241,-0.018653
2020-10-27,2020-10-26,1,-0.000364,-0.005009,0.004645,-0.018653,-0.016531,0.001241,-0.003453
2020-10-28,2020-10-27,1,-0.002869,-0.004831,0.001962,-0.003453,0.006354,-0.004015,-0.034777
2020-10-29,2020-10-28,1,-0.003703,-0.010636,0.006932,-0.034777,-0.038022,-0.001054,0.010112
2020-10-30,2020-10-29,1,-0.015324,-0.000481,-0.014842,0.010112,0.016288,0.003064,-0.010480
2020-11-02,2020-10-30,1,0.013760,0.005798,0.007962,-0.010480,-0.024801,0.000287,0.011146
2020-11-04,2020-11-03,2,0.017014,0.013817,0.003198,0.028648,0.022562,-0.001722,0.022103
2020-11-05,2020-11-04,1,0.017157,0.003411,0.013746,0.022103,0.037823,0.000191,0.019315
2020-11-06,2020-11-05,1,0.009083,-0.001206,0.010289,0.019315,0.025566,-0.009714,-0.000228
2020-11-09,2020-11-06,1,0.020935,0.009965,0.010970,-0.000228,0.000362,-0.001354,0.012487
2020-11-10,2020-11-09,1,0.002643,0.009913,-0.007269,0.012487,-0.015372,0.019455,-0.001468
2020-11-11,2020-11-10,1,0.017671,0.009593,0.008078,-0.001468,-0.013746,-0.000760,0.007401
2020-11-12,2020-11-11,1,0.006734,0.003534,0.003200,0.007401,0.019929,0.001329,-0.009748
2020-11-13,2020-11-12,1,-0.005304,-0.004526,-0.000778,-0.009748,-0.006541,-0.002850,0.013750
2020-11-16,2020-11-13,1,0.020318,0.010456,0.009862,0.013750,0.010170,-0.004768,0.012405
2020-11-17,2020-11-16,1,0.004148,0.005256,-0.001108,0.012405,0.007985,-0.000574,-0.005393
2020-11-18,2020-11-17,1,-0.011073,-0.005940,-0.005133,-0.005393,-0.002081,-0.003737,-0.012108
2020-11-19,2020-11-18,1,-0.003652,-0.003871,0.000219,-0.012108,-0.008248,-0.003269,0.004201
2020-11-20,2020-11-19,1,-0.004182,-0.005771,0.001589,0.004201,0.008699,-0.001060,-0.006871
2020-11-24,2020-11-23,2,0.024694,0.014548,0.010146,-0.000895,-0.002025,0.007875,0.015985
2020-11-25,2020-11-24,1,0.005004,0.011511,-0.006507,0.015985,0.013103,-0.001053,-0.001543
2020-11-26,2020-11-25,1,0.009102,-0.001575,0.010677,-0.001543,0.004730,0.000191,
2020-11-30,2020-11-27,1,-0.007954,0.006934,-0.014888,0.002781,0.009173,-0.001440,-0.004437
2020-12-01,2020-11-30,1,0.013300,0.007184,0.006116,-0.004437,-0.000583,0.001632,0.010878
2020-12-02,2020-12-01,1,0.000502,0.003631,-0.003130,0.010878,0.012737,0.000288,0.002102
2020-12-03,2020-12-02,1,0.000313,-0.002267,0.002580,0.002102,-0.000465,0.000958,-0.000273
2020-12-04,2020-12-03,1,-0.002171,-0.004191,0.002020,-0.000273,0.002249,-0.005475,0.008581
2020-12-07,2020-12-04,1,-0.007648,0.005332,-0.012979,0.008581,0.007008,0.002981,-0.002057
2020-12-08,2020-12-07,1,-0.003032,-0.006315,0.003283,-0.002057,0.004460,-0.000768,0.002922
2020-12-09,2020-12-08,1,0.013169,0.002237,0.010933,0.002922,0.005005,0.000865,-0.009009
2020-12-10,2020-12-09,1,-0.002303,-0.004838,0.002535,-0.009009,-0.019567,0.000576,-0.000327
2020-12-11,2020-12-10,1,-0.003884,-0.000875,-0.003009,-0.000327,0.005404,-0.000096,-0.001173
2020-12-14,2020-12-11,1,0.002994,0.000263,0.002731,-0.001173,-0.002255,-0.001825,-0.004487
2020-12-15,2020-12-14,1,-0.001670,-0.001847,0.000177,-0.004487,0.005010,0.000192,0.013429
2020-12-16,2020-12-15,1,0.002603,0.005521,-0.002918,0.013429,0.012384,-0.003563,0.001568
2020-12-17,2020-12-16,1,0.001840,-0.000482,0.002322,0.001568,0.005000,-0.001738,0.005576
2020-12-18,2020-12-17,1,-0.001616,-0.001162,-0.000454,0.005576,0.008383,-0.003679,-0.008254
2020-12-21,2020-12-18,1,-0.001831,0.002639,-0.004470,-0.008254,-0.000714,0.002035,-0.003582
2020-12-22,2020-12-21,1,-0.010462,-0.005822,-0.004640,-0.003582,-0.001029,-0.000097,-0.001687
2020-12-23,2020-12-22,1,0.003338,0.005434,-0.002095,-0.001687,0.005119,0.003189,0.000898
2020-12-24,2020-12-23,1,0.005398,0.004151,0.001247,0.000898,-0.002878,-0.000772,0.003883
2020-12-25,2020-12-24,1,-0.000440,0.001489,-0.001930,0.003883,0.002629,0.000772,
2020-12-29,2020-12-28,1,0.026245,0.003062,0.023183,0.008554,0.007368,0.002895,-0.001910
2020-12-30,2020-12-29,1,-0.004507,-0.000328,-0.004179,-0.001910,-0.003821,-0.002122,0.001426
2021-01-04,2020-12-31,2,-0.006793,0.004776,-0.011569,0.006494,0.002957,-0.003482,-0.013708
2021-01-05,2021-01-04,1,-0.003666,-0.003933,0.000267,-0.013708,-0.014838,-0.000969,0.006864
2021-01-06,2021-01-05,1,-0.003788,-0.002056,-0.001732,0.006864,0.009445,-0.003693,0.005961
2021-01-07,2021-01-06,1,0.015920,0.010461,0.005459,0.005961,-0.006117,0.003110,0.014748
2021-01-08,2021-01-07,1,0.023331,0.008332,0.014998,0.014748,0.025318,0.007349,0.005682
2021-01-12,2021-01-11,2,0.000899,-0.004797,0.005696,-0.001082,-0.002379,0.004230,0.000211
2021-01-13,2021-01-12,1,0.010323,-0.000861,0.011184,0.000211,0.002758,-0.004712,0.002689
2021-01-14,2021-01-13,1,0.008457,-0.000487,0.008944,0.002689,0.004314,0.000963,-0.003508
2021-01-15,2021-01-14,1,-0.006260,0.002756,-0.009016,-0.003508,-0.001243,-0.000578,-0.007319
2021-01-18,2021-01-15,1,-0.009759,-0.009884,0.000125,-0.007319,-0.008743,0.000770,
2021-01-20,2021-01-19,1,-0.003856,0.005756,-0.009612,0.007821,0.015169,0.001927,0.013744
2021-01-21,2021-01-20,1,0.008156,0.006540,0.001617,0.013744,0.019515,-0.003568,0.000911
2021-01-22,2021-01-21,1,-0.004371,-0.006162,0.001792,0.000911,0.005459,-0.000386,-0.003546
2021-01-25,2021-01-22,1,0.006643,0.002353,0.004291,-0.003546,0.000897,0.002799,0.003936
2021-01-26,2021-01-25,1,-0.009626,-0.004381,-0.005245,0.003936,0.006838,-0.000386,-0.001562
2021-01-27,2021-01-26,1,0.003114,0.004166,-0.001052,-0.001562,-0.000728,-0.001254,-0.024744
2021-01-28,2021-01-27,1,-0.015407,-0.016405,0.000999,-0.024744,-0.026434,0.004719,0.008563
2021-01-29,2021-01-28,1,-0.019121,0.004363,-0.023484,0.008563,0.005003,0.001152,-0.020223
2021-02-01,2021-01-29,1,0.015341,-0.000518,0.015859,-0.020223,-0.020182,0.004500,0.016508
2021-02-02,2021-02-01,1,0.009605,0.004136,0.005469,0.016508,0.025135,0.002195,0.014041
2021-02-03,2021-02-02,1,0.009975,0.004241,0.005734,0.014041,0.015501,0.000572,0.000786
2021-02-04,2021-02-03,1,-0.010688,-0.003113,-0.007575,0.000786,-0.000165,0.000381,0.011302
2021-02-05,2021-02-04,1,0.015310,0.010163,0.005146,0.011302,0.012210,0.005034,0.003928
2021-02-08,2021-02-05,1,0.020951,0.001819,0.019132,0.003928,0.005686,-0.001707,0.007196
2021-02-09,2021-02-08,1,0.003988,0.001602,0.002386,0.007196,0.009434,-0.001330,-0.000666
2021-02-10,2021-02-09,1,0.001930,-0.003170,0.005100,-0.000666,0.001433,-0.006197,-0.000436
2021-02-12,2021-02-11,2,-0.001451,0.002465,-0.003915,0.001178,0.001289,0.001433,0.004928
2021-02-15,2021-02-12,1,0.018928,0.004810,0.014118,0.004928,0.004957,0.002003,
2021-02-17,2021-02-16,1,-0.005779,-0.003318,-0.002461,-0.000866,-0.003409,0.006433,0.000229
2021-02-18,2021-02-17,1,-0.001854,0.000653,-0.002507,0.000229,-0.005854,-0.001793,-0.004265
2021-02-19,2021-02-18,1,-0.007242,-0.008820,0.001578,-0.004265,-0.007196,-0.001797,-0.001768
2021-02-22,2021-02-19,1,0.004590,0.008752,-0.004161,-0.001768,0.000657,-0.002179,-0.007721
2021-02-24,2021-02-23,2,-0.016191,-0.004517,-0.011674,-0.006508,-0.029942,-0.001804,0.010959
2021-02-25,2021-02-24,1,0.016597,0.013576,0.003021,0.010959,0.009812,0.005874,-0.024391
2021-02-26,2021-02-25,1,-0.040668,-0.013836,-0.026831,-0.024391,-0.035826,0.003301,-0.005166
2021-03-01,2021-02-26,1,0.023794,0.015533,0.008261,-0.005166,0.005543,0.003478,0.023951
2021-03-02,2021-03-01,1,-0.008645,0.009270,-0.017915,0.023951,0.029611,0.001594,-0.007834
2021-03-03,2021-03-02,1,0.005119,0.002511,0.002608,-0.007834,-0.017074,-0.000750,-0.013334
2021-03-04,2021-03-03,1,-0.021509,-0.012277,-0.009232,-0.013334,-0.027398,0.002995,-0.012452
2021-03-05,2021-03-04,1,-0.002277,-0.007098,0.004822,-0.012452,-0.021328,0.009118,0.018229
2021-03-08,2021-03-05,1,-0.004203,0.011843,-0.016046,0.018229,0.015340,0.003421,-0.004991
2021-03-09,2021-03-08,1,0.009856,0.000196,0.009660,-0.004991,-0.024365,0.004788,0.014177
2021-03-10,2021-03-09,1,0.000297,0.003107,-0.002810,0.014177,0.036188,-0.003681,0.006205
2021-03-11,2021-03-10,1,0.006012,-0.000091,0.006102,0.006205,-0.000382,-0.000738,0.010088
2021-03-12,2021-03-11,1,0.017180,0.002602,0.014578,0.010088,0.024925,0.001014,0.001346
2021-03-15,2021-03-12,1,0.001652,0.002912,-0.001260,0.001346,-0.005899,0.004690,0.005946
2021-03-16,2021-03-15,1,0.005164,0.000115,0.005049,0.005946,0.010445,0.001100,-0.001262
2021-03-17,2021-03-16,1,-0.000226,-0.002820,0.002594,-0.001262,0.000881,-0.001284,0.003404
2021-03-18,2021-03-17,1,0.010059,0.007797,0.002262,0.003404,0.003973,-0.001377,-0.014657
2021-03-19,2021-03-18,1,-0.014155,-0.010385,-0.003770,-0.014657,-0.030709,0.000459,-0.005122
2021-03-22,2021-03-19,1,-0.020959,-0.011748,-0.009211,-0.005122,0.007525,-0.000092,0.007953
2021-03-23,2021-03-22,1,-0.006128,0.007082,-0.013210,0.007953,0.012206,-0.000367,-0.007902
2021-03-24,2021-03-23,1,-0.020572,-0.007977,-0.012595,-0.007902,-0.011264,-0.002484,-0.005096
2021-03-25,2021-03-24,1,0.011354,0.001822,0.009532,-0.005096,-0.020300,0.001473,0.005610
2021-03-26,2021-03-25,1,0.015433,0.011718,0.003715,0.005610,0.001217,0.004131,0.015986
2021-03-29,2021-03-26,1,0.007098,0.010278,-0.003180,0.015986,0.012333,0.004296,-0.000505
2021-03-30,2021-03-29,1,0.001638,-0.000663,0.002301,-0.000505,-0.006036,0.001276,-0.002656
2021-03-31,2021-03-30,1,-0.008664,-0.005259,-0.003405,-0.002656,-0.001093,0.005088,0.004045
2021-04-01,2021-03-31,1,0.007174,0.008977,-0.001803,0.004045,0.015326,0.003257,0.010741
2021-04-02,2021-04-01,1,0.015703,0.010688,0.005015,0.010741,0.017454,-0.000904,
2021-04-06,2021-04-05,1,-0.013134,0.003968,-0.017103,0.014251,0.016589,-0.004890,-0.000591
2021-04-07,2021-04-06,1,0.001150,0.001576,-0.000427,-0.000591,-0.000526,-0.003911,0.001157
2021-04-08,2021-04-07,1,-0.000734,-0.001849,0.001115,0.001157,-0.000697,0.000911,0.004736
2021-04-09,2021-04-08,1,0.001987,0.005256,-0.003269,0.004736,0.010209,-0.005477,0.007244
2021-04-12,2021-04-09,1,-0.007734,0.003567,-0.011301,0.007244,0.005112,0.003746,0.000365
2021-04-13,2021-04-12,1,0.007181,0.002264,0.004917,0.000365,-0.003617,-0.002557,0.002959
2021-04-14,2021-04-13,1,-0.004400,-0.001128,-0.003272,0.002959,0.010493,-0.002930,-0.003421
2021-04-15,2021-04-14,1,0.000732,-0.001591,0.002323,-0.003421,-0.009928,-0.001285,0.010685
2021-04-16,2021-04-15,1,0.001371,0.004926,-0.003555,0.010685,0.012971,-0.001562,0.003337
2021-04-19,2021-04-16,1,0.000067,0.000167,-0.000099,0.003337,0.000967,0.000276,-0.004925
2021-04-20,2021-04-19,1,-0.019903,-0.011162,-0.008741,-0.004925,-0.009838,-0.005716,-0.007348
2021-04-21,2021-04-20,1,-0.020547,-0.015236,-0.005311,-0.007348,-0.009278,-0.000647,0.009418
2021-04-22,2021-04-21,1,0.023559,0.012972,0.010587,0.009418,0.011822,-0.000278,-0.009175
2021-04-23,2021-04-22,1,-0.005757,-0.008569,0.002813,-0.009175,-0.009494,-0.000833,0.010784
2021-04-26,2021-04-23,1,0.003632,0.002576,0.001056,0.010784,0.014256,-0.000463,0.002085
2021-04-27,2021-04-26,1,-0.004623,0.001657,-0.006280,0.002085,0.008664,0.001574,-0.000216
2021-04-28,2021-04-27,1,0.002139,-0.001947,0.004086,-0.000216,-0.003440,0.005536,-0.000287
2021-04-30,2021-04-29,2,-0.008341,-0.001974,-0.006367,0.006065,-0.000544,0.002114,-0.006592
2021-05-06,2021-05-05,4,0.017844,0.007310,0.010534,-0.010313,-0.036160,0.002476,0.007954
2021-05-07,2021-05-06,1,0.000901,-0.000031,0.000933,0.007954,0.003705,-0.000916,0.007252
2021-05-10,2021-05-07,1,0.005453,0.000649,0.004803,0.007252,0.008720,-0.004410,-0.009952
2021-05-11,2021-05-10,1,-0.031305,-0.009523,-0.021781,-0.009952,-0.025808,0.001656,-0.008965
2021-05-12,2021-05-11,1,-0.016248,0.003612,-0.019860,-0.008965,-0.000928,-0.001564,-0.021474
2021-05-13,2021-05-12,1,-0.025165,-0.007793,-0.017372,-0.021474,-0.027082,0.009530,0.011941
2021-05-14,2021-05-13,1,0.022923,0.009994,0.012929,0.011941,0.007135,-0.001826,0.015239
2021-05-17,2021-05-14,1,-0.009288,0.008015,-0.017303,0.015239,0.022971,-0.001006,-0.002548
2021-05-18,2021-05-17,1,0.020701,0.003829,0.016872,-0.002548,-0.003799,-0.001373,-0.008653
2021-05-19,2021-05-18,1,-0.012839,-0.013311,0.000472,-0.008653,-0.005652,-0.002843,-0.002625
2021-05-20,2021-05-19,1,0.001917,-0.006043,0.007959,-0.002625,-0.000293,0.003026,0.010701
2021-05-21,2021-05-20,1,0.007784,0.006080,0.001704,0.010701,0.017589,-0.004221,-0.000819
2021-05-24,2021-05-21,1,0.001651,-0.003733,0.005383,-0.000819,-0.004795,0.001746,0.010143
2021-05-25,2021-05-24,1,0.006654,0.005358,0.001296,0.010143,0.014019,-0.001838,-0.002221
2021-05-26,2021-05-25,1,0.003084,-0.005526,0.008611,-0.002221,-0.000293,0.000184,0.001983
2021-05-27,2021-05-26,1,-0.003259,-0.003458,0.000199,0.001983,0.005901,0.003488,0.000525
2021-05-28,2021-05-27,1,0.020812,0.012653,0.008159,0.000525,-0.000125,0.006029,0.001787
2021-05-31,2021-05-28,1,-0.009975,-0.004468,-0.005507,0.001787,0.000907,0.000091,
2021-06-02,2021-06-01,1,0.004564,-0.002903,0.007467,-0.000881,-0.000892,-0.000822,0.001571
2021-06-03,2021-06-02,1,0.003861,-0.001928,0.005789,0.001571,0.001444,0.000822,-0.003718
2021-06-04,2021-06-03,1,-0.004020,-0.005407,0.001387,-0.003718,-0.010363,0.006733,0.009104
2021-06-07,2021-06-04,1,0.002682,0.009371,-0.006689,0.009104,0.014582,-0.007189,-0.000971
2021-06-08,2021-06-07,1,-0.001921,0.000923,-0.002843,-0.000971,0.004855,-0.002286,0.000213
2021-06-09,2021-06-08,1,-0.003554,-0.002143,-0.001411,0.000213,0.003106,0.002286,-0.001493
2021-06-10,2021-06-09,1,0.003382,-0.002118,0.005499,-0.001493,-0.000946,0.001095,0.004638
2021-06-11,2021-06-10,1,-0.000340,0.002465,-0.002805,0.004638,0.007775,-0.002741,0.001651
2021-06-14,2021-06-11,1,0.007333,0.007035,0.000298,0.001651,0.003495,0.003106,0.002236
2021-06-15,2021-06-14,1,0.009539,0.003226,0.006313,0.002236,0.007416,0.003732,-0.001836
2021-06-16,2021-06-15,1,-0.005118,-0.004601,-0.000516,-0.001836,-0.007171,0.000091,-0.005599
2021-06-17,2021-06-16,1,-0.009353,-0.004848,-0.004505,-0.005599,-0.002361,0.005617,-0.000332
2021-06-18,2021-06-17,1,-0.001871,0.004072,-0.005943,-0.000332,0.008629,-0.004437,-0.016848
2021-06-21,2021-06-18,1,-0.033462,-0.015912,-0.017549,-0.016848,-0.009291,-0.000091,0.014214
2021-06-22,2021-06-21,1,0.030698,0.017768,0.012930,0.014214,0.007887,0.000998,0.005332
2021-06-23,2021-06-22,1,-0.000320,0.000097,-0.000417,0.005332,0.007874,0.003078,-0.001206
2021-06-24,2021-06-23,1,0.000012,-0.002187,0.002198,-0.001206,0.001294,0.002708,0.005898
2021-06-25,2021-06-24,1,0.006591,0.009035,-0.002444,0.005898,0.006842,-0.000721,0.003546
2021-06-28,2021-06-25,1,-0.000625,0.001598,-0.002223,0.003546,-0.000649,-0.000812,0.002014
2021-06-29,2021-06-28,1,-0.008137,-0.004160,-0.003977,0.002014,0.009710,-0.001355,0.000538
2021-06-30,2021-06-29,1,-0.000732,0.002901,-0.003633,0.000538,0.001917,-0.001085,0.000841
2021-07-01,2021-06-30,1,-0.002939,0.001419,-0.004358,0.000841,-0.001680,0.005415,0.005521
2021-07-02,2021-07-01,1,0.002652,0.000425,0.002227,0.005521,0.001270,0.003594,0.007614
2021-07-05,2021-07-02,1,-0.006451,-0.002564,-0.003887,0.007614,0.008021,-0.004134,
2021-07-07,2021-07-06,1,-0.009692,-0.013384,0.003692,-0.001823,0.001659,-0.003250,0.003528
2021-07-08,2021-07-07,1,-0.008814,-0.001211,-0.007603,0.003528,0.000097,0.000452,-0.008181
2021-07-09,2021-07-08,1,-0.006337,-0.013557,0.007220,-0.008181,-0.007205,-0.007803,0.010618
2021-07-12,2021-07-09,1,0.022249,0.016762,0.005487,0.010618,0.009715,0.003183,0.003576
2021-07-13,2021-07-12,1,0.005210,0.005056,0.000154,0.003576,0.002128,0.001905,-0.003415
2021-07-14,2021-07-13,1,-0.003829,-0.007021,0.003192,-0.003415,-0.003780,0.002353,0.001491
2021-07-15,2021-07-14,1,-0.011581,-0.002421,-0.009160,0.001491,-0.002230,-0.005621,-0.003421
2021-07-16,2021-07-15,1,-0.009808,-0.008517,-0.001291,-0.003421,-0.006977,-0.001183,-0.007875
2021-07-19,2021-07-16,1,-0.012590,-0.012204,-0.000385,-0.007875,-0.008001,0.002001,-0.014878
2021-07-20,2021-07-19,1,-0.009614,-0.010942,0.001328,-0.014878,-0.010610,-0.005831,0.014229
2021-07-21,2021-07-20,1,0.005819,0.013019,-0.007200,0.014229,0.015563,0.003648,0.008064
2021-07-26,2021-07-23,3,0.010303,0.015934,-0.005631,0.020391,0.023052,0.006353,0.002452
2021-07-27,2021-07-26,1,0.004908,0.002821,0.002086,0.002452,0.000251,-0.001811,-0.004568
2021-07-28,2021-07-27,1,-0.013989,-0.010611,-0.003378,-0.004568,-0.012212,-0.005270,-0.000410
2021-07-29,2021-07-28,1,0.007252,0.005097,0.002155,-0.000410,0.006933,0.001275,0.004139
2021-07-30,2021-07-29,1,-0.018118,-0.003770,-0.014348,0.004139,0.001062,-0.004012,-0.004868
2021-08-02,2021-07-30,1,0.018068,0.007658,0.010410,-0.004868,-0.007170,0.002190,-0.002100
2021-08-03,2021-08-02,1,-0.005023,-0.007261,0.002238,-0.002100,0.000572,-0.003836,0.008103
2021-08-04,2021-08-03,1,-0.002091,-0.001047,-0.001044,0.008103,0.005450,-0.002199,-0.004931
2021-08-05,2021-08-04,1,0.005208,-0.002083,0.007292,-0.004931,0.001302,0.003936,0.006313
2021-08-06,2021-08-05,1,0.003310,-0.000682,0.003991,0.006313,0.007723,0.002463,0.001651
2021-08-10,2021-08-09,2,0.002445,0.002405,0.000040,0.000837,-0.002348,0.004909,0.001243
2021-08-11,2021-08-10,1,0.006518,0.005638,0.000879,0.001243,-0.004863,0.002536,0.002482
2021-08-12,2021-08-11,1,-0.001979,0.003794,-0.005772,0.002482,-0.001553,-0.001448,0.002992
2021-08-13,2021-08-12,1,-0.001353,0.000854,-0.002207,0.002992,0.003456,-0.000181,0.001818
2021-08-16,2021-08-13,1,-0.016359,-0.006132,-0.010227,0.001818,0.000448,-0.007365,0.002352
2021-08-17,2021-08-16,1,-0.003593,0.005209,-0.008803,0.002352,-0.001968,-0.003108,-0.006577
2021-08-18,2021-08-17,1,0.005869,-0.000233,0.006102,-0.006577,-0.009343,0.003108,-0.011005
2021-08-19,2021-08-18,1,-0.011108,-0.006814,-0.004294,-0.011005,-0.008928,0.001550,0.001547
2021-08-20,2021-08-19,1,-0.009869,-0.001567,-0.008302,0.001547,0.001093,-0.000182,0.007926
2021-08-23,2021-08-20,1,0.017649,0.006636,0.011013,0.007926,0.011818,0.000729,0.008758
2021-08-24,2021-08-23,1,0.008614,0.005766,0.002848,0.008758,0.015375,-0.001093,0.001586
2021-08-25,2021-08-24,1,-0.000263,0.001298,-0.001562,0.001586,0.005150,-0.000547,0.002096
2021-08-26,2021-08-25,1,0.000631,0.002480,-0.001849,0.002096,0.001468,0.003370,-0.005921
2021-08-27,2021-08-26,1,-0.003653,-0.005822,0.002169,-0.005921,-0.006406,0.000727,0.008901
2021-08-30,2021-08-27,1,0.005345,0.008159,-0.002814,0.008901,0.012215,-0.002274,0.004388
2021-08-31,2021-08-30,1,0.010747,-0.003552,0.014298,0.004388,0.008974,0.000910,-0.001483
2021-09-01,2021-08-31,1,0.012787,0.003181,0.009606,-0.001483,-0.000436,0.000909,0.000531
2021-09-02,2021-09-01,1,0.003246,0.002508,0.000738,0.000531,0.003280,-0.000273,0.003072
2021-09-03,2021-09-02,1,0.020274,0.002903,0.017372,0.003072,0.001423,-0.000637,-0.000243
2021-09-06,2021-09-03,1,0.018092,0.012728,0.005364,-0.000243,0.002107,-0.001730,
2021-09-08,2021-09-07,1,0.008821,-0.003234,0.012055,-0.003582,0.000703,0.003998,-0.001219
2021-09-09,2021-09-08,1,-0.005749,-0.007383,0.001634,-0.001219,-0.005720,-0.000363,-0.004289
2021-09-10,2021-09-09,1,0.012375,0.002704,0.009670,-0.004289,-0.002515,-0.004820,-0.007916
2021-09-13,2021-09-10,1,0.002155,-0.000323,0.002478,-0.007916,-0.008745,0.002094,0.002556
2021-09-14,2021-09-13,1,0.007289,0.004503,0.002786,0.002556,-0.000656,0.000455,-0.005411
2021-09-15,2021-09-14,1,-0.005178,-0.006737,0.001559,-0.005411,-0.004500,-0.002823,0.008318
2021-09-16,2021-09-15,1,-0.006193,0.003090,-0.009283,0.008318,0.008197,-0.002831,-0.001586
2021-09-17,2021-09-16,1,0.005811,0.002115,0.003696,-0.001586,0.001344,0.003104,-0.012987
2021-09-21,2021-09-20,2,-0.021888,-0.015823,-0.006065,-0.029802,-0.031313,-0.002830,-0.000945
2021-09-22,2021-09-21,1,-0.006735,-0.003188,-0.003547,-0.000945,0.002206,-0.001647,0.009708
2021-09-24,2021-09-23,2,0.020352,0.016802,0.003550,0.021784,0.020528,0.009931,0.001646
2021-09-27,2021-09-24,1,-0.000289,0.000959,-0.001248,0.001646,-0.000302,0.003801,-0.002865
2021-09-28,2021-09-27,1,-0.001857,-0.003235,0.001379,-0.002865,-0.005179,0.002526,-0.020358
2021-09-29,2021-09-28,1,-0.021420,-0.019134,-0.002286,-0.020358,-0.028683,0.004494,0.001682
2021-09-30,2021-09-29,1,-0.003106,0.000842,-0.003949,0.001682,-0.002357,0.004117,-0.012298
2021-10-01,2021-09-30,1,-0.023414,-0.007414,-0.016000,-0.012298,-0.004410,-0.006182,0.011814
2021-10-04,2021-10-01,1,-0.011402,0.009458,-0.020860,0.011814,0.008142,-0.001979,-0.012980
2021-10-05,2021-10-04,1,-0.022137,-0.013966,-0.008171,-0.012980,-0.021596,-0.001622,0.010351
2021-10-06,2021-10-05,1,-0.010596,0.007583,-0.018180,0.010351,0.012433,0.005218,0.004147
2021-10-07,2021-10-06,1,0.005410,0.004968,0.000442,0.004147,0.004706,-0.000359,0.008609
2021-10-08,2021-10-07,1,0.013305,0.012679,0.000627,0.008609,0.010434,0.001614,-0.001825
2021-10-11,2021-10-08,1,0.015890,-0.002548,0.018438,-0.001825,-0.005096,0.005630,-0.007266
2021-10-12,2021-10-11,1,-0.009434,-0.001381,-0.008053,-0.007266,-0.006423,0.009578,-0.002465
2021-10-13,2021-10-12,1,-0.003205,-0.005156,0.001951,-0.002465,-0.001401,0.002644,0.003591
2021-10-14,2021-10-13,1,0.014488,0.004401,0.010086,0.003591,0.007282,-0.003262,0.016681
2021-10-15,2021-10-14,1,0.017970,0.008243,0.009727,0.016681,0.017132,0.003790,0.007587
2021-10-18,2021-10-15,1,-0.001486,0.000866,-0.002352,0.007587,0.004974,0.004740,0.002956
2021-10-19,2021-10-18,1,0.006527,0.003158,0.003368,0.002956,0.008320,0.000963,0.007685
2021-10-20,2021-10-19,1,0.001369,0.005817,-0.004447,0.007685,0.007116,0.000437,0.003920
2021-10-21,2021-10-20,1,-0.018873,-0.003520,-0.015353,0.003920,-0.000490,-0.000875,0.002605
2021-10-22,2021-10-21,1,0.003348,-0.004540,0.007888,0.002605,0.006198,-0.002541,-0.001037
2021-10-25,2021-10-22,1,-0.007123,-0.009688,0.002565,-0.001037,-0.008282,-0.004485,0.005348
2021-10-26,2021-10-25,1,0.017524,0.011375,0.006148,0.005348,0.009006,0.002113,0.000900
2021-10-27,2021-10-26,1,-0.000267,-0.001719,0.001452,0.000900,0.000592,0.003862,-0.004440
2021-10-28,2021-10-27,1,-0.009605,-0.007819,-0.001786,-0.004440,0.000008,-0.002895,0.009603
2021-10-29,2021-10-28,1,0.002516,-0.000032,0.002548,0.009603,0.013837,-0.002199,0.002027
2021-11-01,2021-10-29,1,0.025775,0.015045,0.010730,0.002027,0.003249,0.003867,0.001719
2021-11-02,2021-11-01,1,-0.004265,-0.006249,0.001984,0.001719,0.006273,-0.000175,0.004035
2021-11-04,2021-11-03,2,0.009221,0.011413,-0.002192,0.010122,0.013733,0.000000,0.004701
2021-11-05,2021-11-04,1,-0.006154,0.001555,-0.007709,0.004701,0.008109,-0.002020,0.003464
2021-11-08,2021-11-05,1,-0.003536,0.004175,-0.007711,0.003464,0.001960,-0.003082,0.000853
2021-11-09,2021-11-08,1,-0.007538,0.001710,-0.009248,0.000853,0.000674,-0.001589,-0.003311
2021-11-10,2021-11-09,1,-0.006120,-0.002612,-0.003508,-0.003311,-0.006013,-0.003273,-0.008077
2021-11-11,2021-11-10,1,0.005860,-0.002084,0.007944,-0.008077,-0.016747,0.009261,0.000323
2021-11-12,2021-11-11,1,0.011280,0.003532,0.007748,0.000323,0.005208,0.001316,0.007519
2021-11-15,2021-11-12,1,0.005618,0.006645,-0.001026,0.007519,0.009927,-0.001755,0.000342
2021-11-16,2021-11-15,1,0.001051,-0.000910,0.001961,0.000342,-0.000448,0.002369,0.003950
2021-11-17,2021-11-16,1,-0.004027,0.003301,-0.007328,0.003950,0.007541,0.006115,-0.002432
2021-11-18,2021-11-17,1,-0.003025,-0.003050,0.000025,-0.002432,-0.003278,-0.006553,0.003391
2021-11-19,2021-11-18,1,0.004961,0.001431,0.003530,0.003391,0.004521,0.001489,-0.001790
2021-11-22,2021-11-19,1,0.000949,-0.004289,0.005238,-0.001790,0.003977,-0.002279,-0.002819
2021-11-24,2021-11-23,2,-0.015961,-0.003724,-0.012237,-0.001494,-0.017737,0.009952,0.002666
2021-11-25,2021-11-24,1,0.006688,0.005683,0.001005,0.002666,0.004433,0.002516,
2021-11-29,2021-11-26,1,-0.016401,-0.014492,-0.001909,-0.022556,-0.022567,-0.017844,0.012192
2021-11-30,2021-11-29,1,-0.016475,0.011523,-0.027998,0.012192,0.018621,0.001852,-0.019649
2021-12-01,2021-11-30,1,0.004084,0.001615,0.002469,-0.019649,-0.015654,-0.003441,-0.011169
2021-12-02,2021-12-01,1,-0.006545,-0.007885,0.001340,-0.011169,-0.018424,-0.003365,0.015200
2021-12-03,2021-12-02,1,0.009903,0.003154,0.006748,0.015200,0.008309,0.003541,-0.008739
2021-12-06,2021-12-03,1,-0.003653,0.001440,-0.005093,-0.008739,-0.019422,-0.003098,0.011774
2021-12-07,2021-12-06,1,0.018738,0.007543,0.011195,0.011774,0.009217,0.005834,0.020474
2021-12-08,2021-12-07,1,0.014133,0.011784,0.002350,0.020474,0.029879,0.000969,0.002644
2021-12-09,2021-12-08,1,-0.004694,-0.001154,-0.003539,0.002644,0.006359,0.000792,-0.006774
2021-12-10,2021-12-09,1,-0.010066,-0.006390,-0.003676,-0.006774,-0.017226,-0.001937,0.009369
2021-12-13,2021-12-10,1,0.007103,0.009362,-0.002259,0.009369,0.007270,-0.000529,-0.008898
2021-12-14,2021-12-13,1,-0.007284,-0.002994,-0.004289,-0.008898,-0.014001,0.001586,-0.006904
2021-12-15,2021-12-14,1,0.000952,-0.002612,0.003564,-0.006904,-0.011461,0.001320,0.015504
2021-12-16,2021-12-15,1,0.021090,0.014257,0.006834,0.015504,0.021293,0.002723,-0.008858
2021-12-17,2021-12-16,1,-0.018075,-0.007311,-0.010764,-0.008858,-0.025055,-0.002810,-0.014207
2021-12-20,2021-12-17,1,-0.021525,-0.007745,-0.013780,-0.014207,-0.000708,-0.000264,-0.010690
2021-12-21,2021-12-20,1,0.020540,0.013220,0.007320,-0.010690,-0.012520,-0.000792,0.017603
2021-12-22,2021-12-21,1,0.001563,0.003377,-0.001814,0.017603,0.023756,0.004393,0.009949
2021-12-23,2021-12-22,1,0.008234,0.004917,0.003317,0.009949,0.011716,0.000263,0.006203
2021-12-24,2021-12-23,1,-0.000548,0.001308,-0.001856,0.006203,0.008435,0.002276,
2021-12-28,2021-12-27,1,0.013601,0.009608,0.003993,0.014053,0.013824,0.003664,-0.000818
2021-12-29,2021-12-28,1,-0.005598,-0.002529,-0.003069,-0.000818,-0.005658,-0.000174,0.001278
2021-12-30,2021-12-29,1,-0.003992,-0.003904,-0.000088,0.001278,-0.000983,0.001132,-0.002768
2022-01-04,2022-01-03,3,0.017561,0.010596,0.006965,0.000482,0.004214,0.003301,-0.000335
2022-01-05,2022-01-04,1,0.001036,-0.000443,0.001479,-0.000335,-0.013357,0.007085,-0.019389
2022-01-06,2022-01-05,1,-0.029206,-0.006684,-0.022522,-0.019389,-0.034020,-0.000344,-0.000940
2022-01-07,2022-01-06,1,-0.000327,0.007820,-0.008147,-0.000940,-0.001280,-0.002415,-0.003961
2022-01-11,2022-01-10,2,-0.009033,-0.003435,-0.005598,-0.005206,-0.009195,-0.005368,0.009067
2022-01-12,2022-01-11,1,0.019063,0.008013,0.011051,0.009067,0.013997,0.000694,0.002700
2022-01-13,2022-01-12,1,-0.009660,-0.003742,-0.005918,0.002700,0.002303,-0.005654,-0.013874
2022-01-14,2022-01-13,1,-0.012889,-0.008536,-0.004354,-0.013874,-0.025444,-0.004021,0.000409
2022-01-17,2022-01-14,1,0.007412,0.007384,0.000028,0.000409,0.005854,0.000263,
2022-01-19,2022-01-18,1,-0.028356,-0.011688,-0.016668,-0.017868,-0.026317,0.000087,-0.010438
2022-01-20,2022-01-19,1,0.011068,-0.002398,0.013467,-0.010438,-0.011554,-0.002534,-0.011130
2022-01-21,2022-01-20,1,-0.009067,-0.013360,0.004293,-0.011130,-0.013072,-0.002014,-0.019826
2022-01-24,2022-01-21,1,0.002399,-0.009632,0.012031,-0.019826,-0.027585,-0.003600,0.004238
2022-01-25,2022-01-24,1,-0.016705,-0.004416,-0.012289,0.004238,0.006242,0.002109,-0.012284
2022-01-26,2022-01-25,1,-0.004433,-0.000935,-0.003498,-0.012284,-0.023059,-0.000527,-0.002512
2022-01-27,2022-01-26,1,-0.031631,0.004748,-0.036379,-0.002512,0.000208,0.006740,-0.004950
2022-01-28,2022-01-27,1,0.020688,0.009869,0.010819,-0.004950,-0.014080,0.006175,0.024532
2022-01-31,2022-01-28,1,0.010597,-0.001001,0.011599,0.024532,0.030809,-0.000867,0.017851
2022-02-01,2022-01-31,1,0.002829,0.006098,-0.003269,0.017851,0.033513,-0.001216,0.006734
2022-02-02,2022-02-01,1,0.016668,0.008257,0.008411,0.006734,0.007425,-0.003394,0.009667
2022-02-03,2022-02-02,1,-0.010673,-0.007387,-0.003286,0.009667,0.004975,-0.002357,-0.023786
2022-02-04,2022-02-03,1,0.007267,-0.005352,0.012619,-0.023786,-0.038082,0.004447,0.004691
2022-02-07,2022-02-04,1,-0.006989,-0.004103,-0.002886,0.004691,0.015670,0.002172,-0.003214
2022-02-08,2022-02-07,1,0.001307,0.002545,-0.001237,-0.003214,-0.005858,-0.000695,0.008194
2022-02-09,2022-02-08,1,0.010767,0.007454,0.003313,0.008194,0.012675,0.003642,0.014530
2022-02-10,2022-02-09,1,0.004205,0.008601,-0.004396,0.014530,0.020633,-0.000433,-0.018129
2022-02-14,2022-02-11,2,-0.022511,-0.014187,-0.008323,-0.038045,-0.049457,-0.000693,-0.003275
2022-02-15,2022-02-14,1,-0.007949,0.003832,-0.011781,-0.003275,-0.000017,0.001039,0.015998
2022-02-16,2022-02-15,1,0.021914,0.014921,0.006993,0.015998,0.024980,0.000779,0.001120
2022-02-17,2022-02-16,1,-0.008320,-0.001056,-0.007264,0.001120,-0.001109,-0.001385,-0.021593
2022-02-18,2022-02-17,1,-0.004077,-0.012478,0.008401,-0.021593,-0.029266,-0.004601,-0.006496
2022-02-21,2022-02-18,1,-0.007817,-0.013007,0.005189,-0.006496,-0.012371,0.000609,
2022-02-24,2022-02-23,2,-0.018268,-0.006382,-0.011886,-0.028688,-0.038415,0.002003,0.014937
2022-02-25,2022-02-24,1,0.019284,0.009290,0.009994,0.014937,0.032902,0.004772,0.021824
2022-02-28,2022-02-25,1,0.001899,-0.000717,0.002616,0.021824,0.016272,0.000346,-0.002562
2022-03-01,2022-02-28,1,0.011913,0.011616,0.000297,-0.002562,0.004138,-0.004945,-0.015347
2022-03-02,2022-03-01,1,-0.016969,-0.011710,-0.005259,-0.015347,-0.016049,-0.000870,0.018229
2022-03-03,2022-03-02,1,0.006956,0.008896,-0.001940,0.018229,0.016094,0.005295,-0.004991
2022-03-04,2022-03-03,1,-0.022519,-0.005865,-0.016654,-0.004991,-0.015690,-0.000346,-0.008158
2022-03-07,2022-03-04,1,-0.029844,-0.013614,-0.016230,-0.008158,-0.016722,-0.005907,-0.029922
2022-03-08,2022-03-07,1,-0.017215,-0.009844,-0.007371,-0.029922,-0.036913,0.004433,-0.007611
2022-03-09,2022-03-08,1,-0.002966,0.003445,-0.006410,-0.007611,-0.002764,0.003204,0.026458
2022-03-10,2022-03-09,1,0.038605,0.015693,0.022912,0.026458,0.035319,0.001382,-0.004526
2022-03-11,2022-03-10,1,-0.020751,-0.007634,-0.013118,-0.004526,-0.009520,0.002673,-0.012797
2022-03-14,2022-03-11,1,0.005749,0.006965,-0.001216,-0.012797,-0.022035,0.009854,-0.007335
2022-03-15,2022-03-14,1,0.001525,-0.003139,0.004664,-0.007335,-0.020657,0.007645,0.021752
2022-03-16,2022-03-15,1,0.016261,0.008972,0.007290,0.021752,0.028784,0.000846,0.021932
2022-03-17,2022-03-16,1,0.033997,0.015727,0.018269,0.021932,0.036989,0.003713,0.012433
2022-03-18,2022-03-17,1,0.006527,-0.000127,0.006654,0.012433,0.013177,-0.001096,0.007791
2022-03-22,2022-03-21,2,0.014678,0.009789,0.004890,0.007499,0.016296,0.007393,0.011633
2022-03-23,2022-03-22,1,0.029535,0.013959,0.015576,0.011633,0.019348,0.011071,-0.012962
2022-03-24,2022-03-23,1,0.002501,-0.012430,0.014932,-0.012962,-0.013287,0.002893,0.014962
2022-03-25,2022-03-24,1,0.001402,0.008093,-0.006691,0.014962,0.019154,0.009693,0.004872
2022-03-28,2022-03-25,1,-0.007343,-0.002339,-0.005004,0.004872,-0.001589,-0.002210,0.007088
2022-03-29,2022-03-28,1,0.010981,0.008181,0.002800,0.007088,0.013014,0.015043,0.012295
2022-03-30,2022-03-29,1,-0.008002,-0.000057,-0.007945,0.012295,0.018274,-0.008673,-0.006194
2022-03-31,2022-03-30,1,-0.007371,-0.007783,0.000412,-0.006194,-0.012207,-0.008502,-0.015511
2022-04-01,2022-03-31,1,-0.005603,-0.007118,0.001515,-0.015511,-0.015473,-0.001150,0.002830
2022-04-04,2022-04-01,1,0.002545,0.000711,0.001834,0.002830,0.002878,0.006799,0.008530
2022-04-05,2022-04-04,1,0.001855,0.008239,-0.006384,0.008530,0.018827,0.002365,-0.012712
2022-04-06,2022-04-05,1,-0.015876,-0.009186,-0.006690,-0.012712,-0.022855,0.006656,-0.010050
2022-04-07,2022-04-06,1,-0.017026,-0.011691,-0.005336,-0.010050,-0.022451,0.001536,0.005026
2022-04-08,2022-04-07,1,0.003610,0.007724,-0.004114,0.005026,0.000610,0.001050,-0.002678
2022-04-11,2022-04-08,1,-0.006106,-0.004018,-0.002089,-0.002678,-0.013496,0.003223,-0.017240
2022-04-12,2022-04-11,1,-0.018306,-0.008035,-0.010271,-0.017240,-0.022052,0.008251,-0.003712
2022-04-13,2022-04-12,1,0.019125,0.003831,0.015294,-0.003712,-0.003016,0.000000,0.011388
2022-04-14,2022-04-13,1,0.012164,0.003056,0.009108,0.011388,0.020139,0.002470,-0.012530
2022-04-15,2022-04-14,1,-0.002905,-0.008854,0.005949,-0.012530,-0.021673,0.001590,
2022-04-19,2022-04-18,1,0.006893,0.011013,-0.004120,0.000411,-0.001403,0.004895,0.016014
2022-04-20,2022-04-19,1,0.008589,0.008329,0.000259,0.016014,0.021320,0.015086,-0.000742
2022-04-21,2022-04-20,1,0.012241,0.001516,0.010725,-0.000742,-0.012307,-0.007945,-0.015066
2022-04-22,2022-04-21,1,-0.016386,-0.012978,-0.003408,-0.015066,-0.020913,0.003980,-0.027823
2022-04-25,2022-04-22,1,-0.019163,-0.015346,-0.003817,-0.027823,-0.025785,0.001323,0.005781
2022-04-26,2022-04-25,1,0.004103,0.005716,-0.001613,0.005781,0.012812,-0.003428,-0.029388
2022-04-27,2022-04-26,1,-0.011810,-0.014599,0.002789,-0.029388,-0.040335,-0.007049,0.002808
2022-04-28,2022-04-27,1,0.017330,0.001653,0.015677,0.002808,-0.000145,0.009388,0.024946
2022-05-02,2022-04-29,2,-0.001095,0.000119,-0.001214,-0.012710,-0.012431,0.010920,0.006001
2022-05-06,2022-05-05,4,0.006876,-0.001278,0.008153,0.004384,-0.001375,0.002308,-0.005987
2022-05-09,2022-05-06,1,-0.025665,-0.011106,-0.014559,-0.005987,-0.014147,0.003299,-0.032541
2022-05-10,2022-05-09,1,-0.005801,-0.006491,0.000690,-0.032541,-0.043882,-0.002377,0.002308
2022-05-11,2022-05-10,1,0.001777,-0.004662,0.006439,0.002308,0.009796,0.001381,-0.016014
2022-05-12,2022-05-11,1,-0.017895,-0.010299,-0.007596,-0.016014,-0.032332,-0.003610,-0.001044
2022-05-13,2022-05-12,1,0.026026,0.006584,0.019442,-0.001044,0.000591,-0.012700,0.023627
2022-05-16,2022-05-13,1,0.004508,0.012250,-0.007742,0.023627,0.037460,0.006757,-0.004066
2022-05-17,2022-05-16,1,0.004236,0.000308,0.003928,-0.004066,-0.012120,-0.000232,0.020362
2022-05-18,2022-05-17,1,0.009388,0.006247,0.003140,0.020362,0.027212,0.001779,-0.041147
2022-05-19,2022-05-18,1,-0.019071,-0.017842,-0.001229,-0.041147,-0.048412,-0.009084,-0.006143
2022-05-20,2022-05-19,1,0.012653,0.001718,0.010935,-0.006143,-0.002600,-0.003281,0.000436
2022-05-23,2022-05-20,1,0.009769,0.009395,0.000374,0.000436,-0.002979,0.000391,0.018537
2022-05-24,2022-05-23,1,-0.009428,0.000145,-0.009573,0.018537,0.015785,0.000156,-0.007663
2022-05-25,2022-05-24,1,-0.002633,-0.001370,-0.001264,-0.007663,-0.023758,-0.008403,0.008796
2022-05-26,2022-05-25,1,-0.002739,0.000271,-0.003009,0.008796,0.015004,0.004014,0.019784
2022-05-27,2022-05-26,1,0.006625,0.012809,-0.006184,0.019784,0.026401,-0.001336,0.024253
2022-05-30,2022-05-27,1,0.021709,0.011551,0.010158,0.024253,0.032718,-0.000236,
2022-06-01,2022-05-31,1,0.006507,0.000580,0.005927,-0.005627,-0.004109,0.008820,-0.008121
2022-06-02,2022-06-01,1,-0.001604,-0.004284,0.002680,-0.008121,-0.007221,0.011052,0.018864
2022-06-03,2022-06-02,1,0.012603,0.008960,0.003643,0.018864,0.026527,-0.002154,-0.016548
2022-06-06,2022-06-03,1,0.005543,-0.007663,0.013207,-0.016548,-0.025005,0.007902,0.003040
2022-06-07,2022-06-06,1,0.001005,0.002465,-0.001460,0.003040,0.004041,0.007689,0.009547
2022-06-08,2022-06-07,1,0.010336,0.005578,0.004758,0.009547,0.009396,0.005370,-0.010932
2022-06-09,2022-06-08,1,0.000433,-0.001593,0.002026,-0.010932,-0.007333,0.012443,-0.024070
2022-06-10,2022-06-09,1,-0.015061,-0.008896,-0.006165,-0.024070,-0.027857,0.000670,-0.029424
2022-06-13,2022-06-10,1,-0.030538,-0.016474,-0.014064,-0.029424,-0.035875,0.000670,-0.038708
2022-06-14,2022-06-13,1,-0.013338,-0.016125,0.002787,-0.038708,-0.047938,-0.000149,-0.003018
2022-06-15,2022-06-14,1,-0.011470,-0.000157,-0.011313,-0.003018,0.001766,0.007930,0.014156
2022-06-16,2022-06-15,1,0.003982,0.014682,-0.010700,0.014156,0.024703,-0.012180,-0.033656
2022-06-17,2022-06-16,1,-0.017873,-0.016903,-0.000970,-0.033656,-0.041676,-0.012254,-0.002157
2022-06-20,2022-06-17,1,-0.007414,0.007430,-0.014844,-0.002157,0.014200,0.020663,
2022-06-22,2022-06-21,1,-0.003693,0.007418,-0.011111,0.024862,0.024782,0.011263,-0.001815
2022-06-23,2022-06-22,1,0.000829,-0.000561,0.001390,-0.001815,-0.001466,-0.002565,0.009755
2022-06-24,2022-06-23,1,0.012180,0.002182,0.009998,0.009755,0.016075,-0.009809,0.031299
2022-06-27,2022-06-24,1,0.014216,0.009386,0.004830,0.031299,0.032878,0.001777,-0.003827
2022-06-28,2022-06-27,1,0.006610,-0.002817,0.009427,-0.003827,-0.007182,0.001922,-0.020644
2022-06-29,2022-06-28,1,-0.009094,-0.008735,-0.000359,-0.020644,-0.030215,0.005082,-0.000815
2022-06-30,2022-06-29,1,-0.015473,-0.001916,-0.013557,-0.000815,-0.000326,0.003374,-0.008157
2022-07-01,2022-06-30,1,-0.017483,0.002561,-0.020044,-0.008157,-0.013433,-0.006243,0.010521
2022-07-04,2022-07-01,1,0.008378,0.005811,0.002566,0.010521,0.008945,-0.003986,
2022-07-06,2022-07-05,1,-0.012024,-0.008860,-0.003165,0.001887,0.017319,0.001326,0.003372
2022-07-07,2022-07-06,1,0.014559,0.006616,0.007943,0.003372,0.003492,0.000442,0.014866
2022-07-08,2022-07-07,1,0.001006,0.005020,-0.004014,0.014866,0.022583,0.000368,-0.000823
2022-07-11,2022-07-08,1,0.011068,0.014063,-0.002995,-0.000823,0.001201,0.000735,-0.011489
2022-07-12,2022-07-11,1,-0.017899,-0.004160,-0.013739,-0.011489,-0.022837,0.009799,-0.008888
2022-07-13,2022-07-12,1,0.005381,0.002546,0.002836,-0.008888,-0.009530,-0.004083,-0.005266
2022-07-14,2022-07-13,1,0.006198,-0.004597,0.010795,-0.005266,-0.001524,0.004083,-0.002431
2022-07-15,2022-07-14,1,0.005430,0.003473,0.001958,-0.002431,0.000320,0.010712,0.018925
2022-07-19,2022-07-18,2,0.006445,0.008007,-0.001562,0.010634,0.009630,-0.005631,0.026661
2022-07-20,2022-07-19,1,0.026303,0.012322,0.013981,0.026661,0.030609,0.000434,0.006353
2022-07-21,2022-07-20,1,0.004424,-0.001894,0.006319,0.006353,0.015629,0.000145,0.010132
2022-07-22,2022-07-21,1,0.004008,-0.001075,0.005083,0.010132,0.013521,-0.006024,-0.009321
2022-07-25,2022-07-22,1,-0.007747,-0.007800,0.000053,-0.009321,-0.018876,-0.009656,0.001214
2022-07-26,2022-07-25,1,-0.001591,-0.000616,-0.000975,0.001214,-0.004356,0.004474,-0.011902
2022-07-27,2022-07-26,1,0.002187,-0.002899,0.005085,-0.011902,-0.018856,0.001828,0.025635
2022-07-28,2022-07-27,1,0.003592,0.006954,-0.003362,0.025635,0.039831,-0.002633,0.012464
2022-07-29,2022-07-28,1,-0.000498,0.003579,-0.004077,0.012464,0.010760,-0.016764,0.014473
2022-08-01,2022-07-29,1,0.006872,0.000438,0.006434,0.014473,0.018581,-0.008150,-0.002966
2022-08-02,2022-08-01,1,-0.014342,-0.006482,-0.007860,-0.002966,-0.001754,-0.011934,-0.006619
2022-08-03,2022-08-02,1,0.005319,0.002832,0.002487,-0.006619,-0.001636,0.011708,0.015538
2022-08-04,2022-08-03,1,0.006836,0.006791,0.000045,0.015538,0.025536,0.005243,-0.000676
2022-08-05,2022-08-04,1,0.008686,-0.000614,0.009300,-0.000676,0.004129,-0.007574,-0.001692
2022-08-08,2022-08-05,1,0.002601,-0.004474,0.007075,-0.001692,-0.004967,0.015832,-0.001162
2022-08-09,2022-08-08,1,-0.008863,-0.000439,-0.008424,-0.001162,-0.001035,0.000222,-0.003979
2022-08-10,2022-08-09,1,-0.006472,-0.001603,-0.004869,-0.003979,-0.011976,0.000962,0.020786
2022-08-12,2022-08-11,2,0.025820,0.015424,0.010396,0.020786,0.022631,-0.015888,0.016787
2022-08-15,2022-08-12,1,0.011313,0.002687,0.008627,0.016787,0.020698,0.003603,0.004112
2022-08-16,2022-08-15,1,-0.000099,-0.001464,0.001365,0.004112,0.006178,-0.001199,0.001957
2022-08-17,2022-08-16,1,0.012183,0.002896,0.009286,0.001957,-0.001944,0.006653,-0.007123
2022-08-18,2022-08-17,1,-0.009650,-0.009122,-0.000527,-0.007123,-0.012629,0.005943,0.002902
2022-08-19,2022-08-18,1,-0.000408,0.005292,-0.005700,0.002902,0.002102,0.006423,-0.013529
2022-08-22,2022-08-19,1,-0.004706,-0.009595,0.004889,-0.013529,-0.020267,0.007698,-0.021042
2022-08-23,2022-08-22,1,-0.011940,-0.007470,-0.004469,-0.021042,-0.025803,0.003936,-0.002422
2022-08-24,2022-08-23,1,-0.004907,0.001004,-0.005911,-0.002422,-0.000022,-0.005032,0.003196
2022-08-25,2022-08-24,1,0.005830,0.003583,0.002246,0.003196,0.004049,0.002410,0.014019
2022-08-26,2022-08-25,1,0.005685,0.005619,0.000067,0.014019,0.016572,-0.004459,-0.034435
2022-08-29,2022-08-26,1,-0.026980,-0.016912,-0.010068,-0.034435,-0.040161,0.007445,-0.006634
2022-08-30,2022-08-29,1,0.011293,0.007425,0.003868,-0.006634,-0.010269,0.008472,-0.011039
2022-08-31,2022-08-30,1,-0.003697,-0.009532,0.005835,-0.011039,-0.011257,0.000721,-0.007638
2022-09-01,2022-08-31,1,-0.015428,-0.010540,-0.004888,-0.007638,-0.005649,0.001224,0.003133
2022-09-02,2022-09-01,1,-0.000384,0.003397,-0.003782,0.003133,-0.002633,0.008884,-0.010600
2022-09-05,2022-09-02,1,-0.001130,-0.003026,0.001896,-0.010600,-0.013177,0.000000,
2022-09-07,2022-09-06,1,-0.007128,-0.002918,-0.004209,-0.003780,-0.007417,0.015527,0.017805
2022-09-08,2022-09-07,1,0.022885,0.010963,0.011922,0.017805,0.021168,0.006353,0.006515
2022-09-09,2022-09-08,1,0.005312,0.004956,0.000356,0.006515,0.005938,0.002710,0.015416
2022-09-12,2022-09-09,1,0.011536,0.009483,0.002052,0.015416,0.020871,-0.010956,0.010690
2022-09-13,2022-09-12,1,0.002538,0.000494,0.002044,0.010690,0.012642,0.002173,-0.044456
2022-09-14,2022-09-13,1,-0.028213,-0.016986,-0.011227,-0.044456,-0.052970,0.011970,0.003809
2022-09-15,2022-09-14,1,0.002057,0.001987,0.000070,0.003809,0.007375,-0.009732,-0.011418
2022-09-16,2022-09-15,1,-0.011120,-0.008810,-0.002309,-0.011418,-0.014380,0.002581,-0.011758
2022-09-20,2022-09-19,2,0.004371,0.007986,-0.003614,-0.004033,-0.001502,-0.002232,-0.011545
2022-09-21,2022-09-20,1,-0.013647,-0.008982,-0.004665,-0.011545,-0.009579,0.003625,-0.017598
2022-09-22,2022-09-21,1,-0.005849,-0.009548,0.003699,-0.017598,-0.018093,0.002224,-0.008435
2022-09-26,2022-09-23,2,-0.026960,-0.013884,-0.013076,-0.025332,-0.031899,-0.005011,-0.009942
2022-09-27,2022-09-26,1,0.005295,0.005803,-0.000508,-0.009942,-0.006000,0.009928,-0.002556
2022-09-28,2022-09-27,1,-0.015087,-0.005624,-0.009464,-0.002556,0.002457,0.000069,0.019485
2022-09-29,2022-09-28,1,0.009433,0.004061,0.005372,0.019485,0.020305,-0.004153,-0.021110
2022-09-30,2022-09-29,1,-0.018520,-0.006914,-0.011606,-0.021110,-0.028836,0.002010,-0.015584
2022-10-03,2022-09-30,1,0.010683,-0.006120,0.016804,-0.015584,-0.015192,0.002075,0.026059
2022-10-04,2022-10-03,1,0.029186,0.016558,0.012628,0.026059,0.022422,-0.001521,0.030516
2022-10-05,2022-10-04,1,0.004743,0.008085,-0.003342,0.030516,0.032831,-0.003049,-0.002331
2022-10-06,2022-10-05,1,0.007010,0.000643,0.006366,-0.002331,-0.002488,0.003741,-0.010369
2022-10-07,2022-10-06,1,-0.007173,-0.012356,0.005183,-0.010369,-0.006780,0.003382,-0.028290
2022-10-11,2022-10-10,2,-0.026717,-0.013327,-0.013389,-0.035955,-0.049161,0.003851,-0.006353
2022-10-12,2022-10-11,1,-0.000167,-0.001821,0.001653,-0.006353,-0.011056,0.001235,-0.003304
2022-10-13,2022-10-12,1,-0.006057,0.000055,-0.006113,-0.003304,-0.000872,0.007173,0.026049
2022-10-14,2022-10-13,1,0.032006,0.013699,0.018307,0.026049,0.022031,0.002108,-0.023052
2022-10-17,2022-10-14,1,-0.011695,-0.011350,-0.000345,-0.023052,-0.031262,0.010272,0.025372
2022-10-18,2022-10-17,1,0.014105,0.014532,-0.000427,0.025372,0.033761,0.001948,0.011681
2022-10-19,2022-10-18,1,0.003721,0.002539,0.001182,0.011681,0.009008,0.001542,-0.007112
2022-10-20,2022-10-19,1,-0.009230,-0.010164,0.000934,-0.007112,-0.008567,0.004212,-0.008421
2022-10-21,2022-10-20,1,-0.004319,-0.003838,-0.000480,-0.008421,-0.006168,0.001667,0.024011
2022-10-24,2022-10-21,1,0.003131,0.012653,-0.009523,0.024011,0.022808,-0.016791,0.012162
2022-10-25,2022-10-24,1,0.010157,0.005114,0.005043,0.012162,0.008517,0.008901,0.015842
2022-10-26,2022-10-25,1,0.006641,0.005867,0.000773,0.015842,0.022257,-0.007074,-0.007563
2022-10-27,2022-10-26,1,-0.003162,-0.000898,-0.002264,-0.007563,-0.020581,-0.010603,-0.005354
2022-10-28,2022-10-27,1,-0.008817,-0.009105,0.000289,-0.005354,-0.016387,-0.000547,0.023512
2022-10-31,2022-10-28,1,0.017636,0.010974,0.006661,0.023512,0.028299,0.008035,-0.007249
2022-11-01,2022-10-31,1,0.003310,0.000985,0.002325,-0.007249,-0.010348,0.008509,-0.004385
2022-11-02,2022-11-01,1,-0.000561,-0.004222,0.003661,-0.004385,-0.008895,-0.002896,-0.025416
2022-11-04,2022-11-03,2,-0.016902,-0.010593,-0.006309,-0.035767,-0.051618,-0.000067,0.014291
2022-11-07,2022-11-04,1,0.011983,0.007583,0.004400,0.014291,0.012711,-0.011395,0.009520
2022-11-08,2022-11-07,1,0.012436,0.006922,0.005514,0.009520,0.008486,0.000205,0.005381
2022-11-09,2022-11-08,1,-0.005601,0.000446,-0.006047,0.005381,0.004880,-0.006569,-0.020817
2022-11-10,2022-11-09,1,-0.009801,-0.009328,-0.000473,-0.020817,-0.025088,0.005341,0.053497
2022-11-11,2022-11-10,1,0.029350,0.015280,0.014070,0.053497,0.070926,-0.038211,0.009632
2022-11-14,2022-11-11,1,-0.010675,0.000498,-0.011172,0.009632,0.018646,-0.015443,-0.008543
2022-11-15,2022-11-14,1,0.000954,-0.000830,0.001785,-0.008543,-0.011289,0.007823,0.008493
2022-11-16,2022-11-15,1,0.001361,0.001083,0.000279,0.008493,0.014382,-0.004227,-0.007658
2022-11-17,2022-11-16,1,-0.003493,-0.002718,-0.000774,-0.007658,-0.015505,0.001865,-0.003065
2022-11-18,2022-11-17,1,-0.001103,0.002833,-0.003937,-0.003065,-0.003466,0.004504,0.004530
2022-11-21,2022-11-18,1,0.001612,0.002943,-0.001331,0.004530,0.000099,0.001212,-0.003643
2022-11-22,2022-11-21,1,0.006099,0.004097,0.002002,-0.003643,-0.010965,0.012532,0.013367
2022-11-24,2022-11-23,2,0.009464,0.009134,0.000330,0.019649,0.023382,-0.017962,
2022-11-28,2022-11-25,1,-0.004259,-0.002211,-0.002048,-0.000224,-0.005238,0.003529,-0.016086
2022-11-29,2022-11-28,1,-0.004805,-0.006102,0.001297,-0.016086,-0.015879,-0.001151,-0.001719
2022-11-30,2022-11-29,1,-0.002102,-0.005050,0.002948,-0.001719,-0.005966,-0.001873,0.031015
2022-12-01,2022-11-30,1,0.009150,0.010815,-0.001666,0.031015,0.043141,-0.004698,-0.000736
2022-12-02,2022-12-01,1,-0.016006,-0.008643,-0.007363,-0.000736,0.001259,-0.020198,-0.001154
2022-12-05,2022-12-02,1,0.001529,-0.000897,0.002426,-0.001154,-0.001826,-0.007197,-0.018153
2022-12-06,2022-12-05,1,0.002351,-0.004191,0.006541,-0.018153,-0.019520,0.018005,-0.014520
2022-12-07,2022-12-06,1,-0.007179,-0.007761,0.000582,-0.014520,-0.020226,0.002265,-0.001703
2022-12-08,2022-12-07,1,-0.004052,-0.002318,-0.001735,-0.001703,-0.005128,-0.003289,0.007803
2022-12-09,2022-12-08,1,0.011774,0.002157,0.009617,0.007803,0.011202,0.000366,-0.007498
2022-12-12,2022-12-09,1,-0.002105,-0.005748,0.003642,-0.007498,-0.007007,-0.000659,0.014314
2022-12-13,2022-12-12,1,0.004033,0.008050,-0.004017,0.014314,0.012563,0.008023,0.007541
2022-12-14,2022-12-13,1,0.007177,0.001793,0.005384,0.007541,0.010095,-0.015299,-0.006414
2022-12-15,2022-12-14,1,-0.003719,-0.005880,0.002161,-0.006414,-0.007662,-0.000738,-0.024766
2022-12-16,2022-12-15,1,-0.018878,-0.012375,-0.006503,-0.024766,-0.032791,0.016763,-0.016458
2022-12-19,2022-12-16,1,-0.010572,-0.009021,-0.001551,-0.016458,-0.009771,-0.007797,-0.008516
2022-12-20,2022-12-19,1,-0.024891,0.000723,-0.025615,-0.008516,-0.015000,0.001389,0.001367
2022-12-21,2022-12-20,1,-0.006810,-0.000785,-0.006024,0.001367,0.000102,-0.038578,0.014842
2022-12-22,2022-12-21,1,0.004543,0.006223,-0.001680,0.014842,0.015267,0.005830,-0.014369
2022-12-23,2022-12-22,1,-0.010338,-0.011386,0.001048,-0.014369,-0.022021,-0.001057,0.005736
2022-12-26,2022-12-23,1,0.006482,0.002448,0.004035,0.005736,0.002073,0.003470,
2022-12-28,2022-12-27,1,-0.004068,-0.005252,0.001184,-0.003951,-0.013873,0.004656,-0.012506
2022-12-29,2022-12-28,1,-0.009415,-0.010135,0.000720,-0.012506,-0.013609,0.007389,0.017840
2022-12-30,2022-12-29,1,0.000032,0.007420,-0.007388,0.017840,0.025597,-0.010917,-0.002638
2023-01-04,2023-01-03,2,-0.014578,-0.009997,-0.004581,-0.006856,-0.008732,-0.015227,0.007691
2023-01-05,2023-01-04,1,0.004034,0.004216,-0.000182,0.007691,0.006886,0.012291,-0.011479
2023-01-06,2023-01-05,1,0.005910,-0.003131,0.009041,-0.011479,-0.014787,0.005864,0.022673
2023-01-10,2023-01-09,2,0.007736,0.007776,-0.000040,0.022106,0.031559,-0.011460,0.006988
2023-01-11,2023-01-10,1,0.010279,0.007105,0.003173,0.006988,0.010008,0.002802,0.012569
2023-01-12,2023-01-11,1,0.000144,0.002981,-0.002836,0.012569,0.017444,0.001662,0.003634
2023-01-13,2023-01-12,1,-0.012566,-0.002197,-0.010370,0.003634,0.006332,-0.024840,0.003872
2023-01-16,2023-01-13,1,-0.011444,-0.010888,-0.000556,0.003872,0.007070,-0.010424,
2023-01-18,2023-01-17,1,0.024654,0.004301,0.020353,-0.001834,0.001439,-0.003195,-0.015914
2023-01-19,2023-01-18,1,-0.014508,-0.009377,-0.005132,-0.015914,-0.012525,0.005836,-0.007306
2023-01-20,2023-01-19,1,0.005601,-0.002219,0.007820,-0.007306,-0.009605,-0.003576,0.018458
2023-01-23,2023-01-20,1,0.013188,0.012228,0.000960,0.018458,0.026207,0.008915,0.011927
2023-01-24,2023-01-23,1,0.014506,0.009042,0.005464,0.011927,0.019906,0.008377,-0.001074
2023-01-25,2023-01-24,1,0.003504,-0.004527,0.008031,-0.001074,-0.002656,-0.003911,0.000375
2023-01-26,2023-01-25,1,-0.001178,0.001810,-0.002988,0.000375,-0.001847,-0.004312,0.010930
2023-01-27,2023-01-26,1,0.000724,0.002397,-0.001673,0.010930,0.017441,0.004773,0.002295
2023-01-30,2023-01-27,1,0.001855,0.000081,0.001774,0.002295,0.009449,-0.002769,-0.012626
2023-01-31,2023-01-30,1,-0.003882,0.000917,-0.004799,-0.012626,-0.019805,0.004533,0.014596
2023-02-01,2023-01-31,1,0.000723,0.005703,-0.004980,0.014596,0.016602,-0.002687,0.010572
2023-02-02,2023-02-01,1,0.002015,0.003897,-0.001882,0.010572,0.019809,-0.008957,0.014452
2023-02-03,2023-02-02,1,0.003912,0.001932,0.001981,0.014452,0.032022,-0.002174,-0.010686
2023-02-06,2023-02-03,1,0.006673,0.009234,-0.002561,-0.010686,-0.016017,0.019399,-0.006130
2023-02-07,2023-02-06,1,-0.000295,0.001849,-0.002144,-0.006130,-0.010003,0.011220,0.012994
2023-02-08,2023-02-07,1,-0.002858,0.000190,-0.003048,0.012994,0.018861,-0.012135,-0.010995
2023-02-09,2023-02-08,1,-0.000801,-0.005560,0.004759,-0.010995,-0.016922,0.002439,-0.008707
2023-02-10,2023-02-09,1,0.003136,0.004590,-0.001454,-0.008707,-0.010206,0.001445,0.002331
2023-02-13,2023-02-10,1,-0.008845,-0.004369,-0.004476,0.002331,-0.006080,-0.001141,0.011671
2023-02-14,2023-02-13,1,0.006377,0.010087,-0.003710,0.011671,0.014712,0.007505,-0.000460
2023-02-15,2023-02-14,1,-0.003662,0.003011,-0.006674,-0.000460,0.005731,0.005348,0.003242
2023-02-16,2023-02-15,1,0.007050,0.005543,0.001507,0.003242,0.009192,0.007485,-0.013864
2023-02-17,2023-02-16,1,-0.006641,-0.007678,0.001037,-0.013864,-0.017952,-0.001268,-0.002501
2023-02-20,2023-02-17,1,0.000683,-0.000582,0.001265,-0.002501,-0.005800,0.001567,
2023-02-22,2023-02-21,1,-0.013514,-0.007567,-0.005947,-0.020265,-0.025343,0.005646,-0.001379
2023-02-24,2023-02-23,2,0.012800,0.001489,0.011310,0.003926,0.008500,-0.002151,-0.010740
2023-02-27,2023-02-24,1,-0.001076,-0.004774,0.003698,-0.010740,-0.017008,0.012981,0.003400
2023-02-28,2023-02-27,1,0.000787,0.003327,-0.002539,0.003400,0.006302,-0.001907,-0.003703
2023-03-01,2023-02-28,1,0.002583,-0.002992,0.005574,-0.003703,-0.000998,0.000000,-0.003843
2023-03-02,2023-03-01,1,-0.000642,0.001753,-0.002395,-0.003843,-0.006662,-0.000294,0.007747
2023-03-03,2023-03-02,1,0.015466,0.006683,0.008783,0.007747,0.007311,0.004397,0.015911
2023-03-06,2023-03-03,1,0.011050,0.009084,0.001966,0.015911,0.019526,-0.006603,0.000693
2023-03-07,2023-03-06,1,0.002525,-0.001247,0.003772,0.000693,-0.001136,0.000368,-0.015447
2023-03-08,2023-03-07,1,0.004758,-0.002545,0.007303,-0.015447,-0.012532,0.009009,0.001631
2023-03-09,2023-03-08,1,0.006272,0.007144,-0.000872,0.001631,0.003953,0.001457,-0.018622
2023-03-10,2023-03-09,1,-0.016883,-0.008345,-0.008538,-0.018622,-0.020742,-0.008776,-0.014535
2023-03-13,2023-03-10,1,-0.011112,-0.009201,-0.001911,-0.014535,-0.017749,-0.008557,-0.001426
2023-03-14,2023-03-13,1,-0.022194,-0.013638,-0.008556,-0.001426,0.004474,-0.013425,0.016395
2023-03-15,2023-03-14,1,0.000273,0.007306,-0.007033,0.016395,0.021163,0.007779,-0.006274
2023-03-16,2023-03-15,1,-0.008070,-0.016023,0.007952,-0.006274,0.000516,-0.006128,0.017393
2023-03-17,2023-03-16,1,0.011894,0.008171,0.003722,0.017393,0.024469,0.002396,-0.015571
2023-03-20,2023-03-17,1,-0.014301,-0.002933,-0.011368,-0.015571,-0.007433,-0.014538,0.009570
2023-03-22,2023-03-21,2,0.019148,0.012996,0.006152,0.022615,0.019549,0.005297,-0.017193
2023-03-23,2023-03-22,1,-0.001713,-0.008543,0.006830,-0.017193,-0.016163,-0.007957,0.002700
2023-03-24,2023-03-23,1,-0.001254,-0.001861,0.000607,0.002700,0.010013,-0.004805,0.006541
2023-03-27,2023-03-24,1,0.003340,0.003541,-0.000201,0.006541,0.003097,-0.000918,0.001868
2023-03-28,2023-03-27,1,0.001505,0.003522,-0.002017,0.001868,-0.004673,0.006635,-0.002247
2023-03-29,2023-03-28,1,0.013196,0.001130,0.012065,-0.002247,-0.004493,-0.005335,0.014430
2023-03-30,2023-03-29,1,-0.003623,-0.002006,-0.001617,0.014430,0.017779,0.015017,0.005838
2023-03-31,2023-03-30,1,0.009263,0.008112,0.001151,0.005838,0.007288,-0.001431,0.013996
2023-04-03,2023-03-31,1,0.005217,0.005756,-0.000539,0.013996,0.017202,0.001055,0.003803
2023-04-04,2023-04-03,1,0.003516,0.000914,0.002601,0.003803,-0.002659,-0.002866,-0.005564
2023-04-05,2023-04-04,1,-0.016904,-0.006255,-0.010649,-0.005564,-0.005192,-0.005452,-0.002622
2023-04-06,2023-04-05,1,-0.012323,-0.008091,-0.004232,-0.002622,-0.010734,-0.002890,0.003893
2023-04-07,2023-04-06,1,0.001661,0.002971,-0.001310,0.003893,0.007565,0.003421,
2023-04-11,2023-04-10,1,0.010429,0.009445,0.000984,0.001026,-0.000298,0.011064,0.000269
2023-04-12,2023-04-11,1,0.005690,0.002238,0.003452,0.000269,-0.004352,0.000374,-0.004084
2023-04-13,2023-04-12,1,0.002641,-0.004644,0.007285,-0.004084,-0.008559,-0.003973,0.013195
2023-04-14,2023-04-13,1,0.011880,0.005828,0.006052,0.013195,0.019666,-0.004216,-0.002446
2023-04-17,2023-04-14,1,0.000748,0.001561,-0.000814,-0.002446,-0.003525,0.009087,0.003582
2023-04-18,2023-04-17,1,0.005039,0.001849,0.003190,0.003582,0.002822,0.005145,0.000652
2023-04-19,2023-04-18,1,-0.001819,-0.001361,-0.000457,0.000652,-0.000355,-0.002756,-0.000169
2023-04-20,2023-04-19,1,0.001775,-0.004722,0.006496,-0.000169,0.000314,0.004465,-0.005472
2023-04-21,2023-04-20,1,-0.003257,-0.002341,-0.000916,-0.005472,-0.008066,-0.003421,0.000777
2023-04-24,2023-04-21,1,0.001020,0.002357,-0.001337,0.000777,0.001069,-0.000596,0.001043
2023-04-25,2023-04-24,1,0.000928,0.003638,-0.002710,0.001043,-0.002925,0.000522,-0.016001
2023-04-26,2023-04-25,1,-0.007139,-0.004958,-0.002181,-0.016001,-0.019974,-0.003807,-0.004245
2023-04-27,2023-04-26,1,0.001449,-0.002674,0.004123,-0.004245,0.004667,-0.000374,0.019712
2023-04-28,2023-04-27,1,0.013915,0.008685,0.005230,0.019712,0.023995,0.002093,0.008499
2023-05-01,2023-04-28,1,0.009201,0.006962,0.002239,0.008499,0.006922,0.017320,-0.001010
2023-05-02,2023-05-01,1,0.001193,0.005329,-0.004136,-0.001010,-0.001144,0.008767,-0.011303
2023-05-08,2023-05-05,4,-0.007162,-0.002145,-0.005016,-0.006955,0.001866,-0.019464,0.000267
2023-05-09,2023-05-08,1,0.010068,0.002441,0.007627,0.000267,0.001756,0.001852,-0.004395
2023-05-10,2023-05-09,1,-0.004134,-0.001828,-0.002306,-0.004395,-0.006332,0.000962,0.004661
2023-05-11,2023-05-10,1,0.000156,-0.000391,0.000547,0.004661,0.010364,-0.006455,-0.001746
2023-05-12,2023-05-11,1,0.008941,0.002489,0.006452,-0.001746,0.001792,0.001488,-0.001311
2023-05-15,2023-05-12,1,0.008067,0.005387,0.002680,-0.001311,-0.003557,0.008659,0.003444
2023-05-16,2023-05-15,1,0.007286,0.007119,0.000167,0.003444,0.006529,0.002943,-0.006705
2023-05-17,2023-05-16,1,0.008362,0.002324,0.006038,-0.006705,-0.001794,0.001908,0.012066
2023-05-18,2023-05-17,1,0.015835,0.011200,0.004635,0.012066,0.012681,0.009488,0.009587
2023-05-19,2023-05-18,1,0.007638,0.008903,-0.001265,0.009587,0.014949,0.007526,-0.001456
2023-05-22,2023-05-19,1,0.008998,-0.002361,0.011359,-0.001456,-0.002441,-0.005494,0.000406
2023-05-23,2023-05-22,1,-0.004160,0.005098,-0.009258,0.000406,0.004955,0.004701,-0.011286
2023-05-24,2023-05-23,1,-0.008926,-0.007427,-0.001498,-0.011286,-0.012700,-0.000144,-0.007271
2023-05-25,2023-05-24,1,0.003853,-0.002722,0.006575,-0.007271,-0.006076,0.006330,0.008623
2023-05-26,2023-05-25,1,0.003732,0.003516,0.000217,0.008623,0.016991,0.004222,0.012868
2023-05-29,2023-05-26,1,0.010209,0.015142,-0.004933,0.012868,0.021626,0.004062,
2023-05-31,2023-05-30,1,-0.014153,-0.008690,-0.005463,0.000381,0.003212,-0.004639,-0.005561
2023-06-01,2023-05-31,1,0.008386,-0.000061,0.008447,-0.005561,-0.006330,-0.003224,0.009456
2023-06-02,2023-06-01,1,0.012006,0.004891,0.007115,0.009456,0.012728,-0.003955,0.014358
2023-06-05,2023-06-02,1,0.021751,0.010724,0.011027,0.014358,0.010614,0.008252,-0.001918
2023-06-06,2023-06-05,1,0.008941,-0.007135,0.016076,-0.001918,-0.000857,-0.002862,0.002175
2023-06-07,2023-06-06,1,-0.018412,0.003440,-0.021852,0.002175,0.003546,0.000645,-0.003464
2023-06-08,2023-06-07,1,-0.008574,-0.001127,-0.007447,-0.003464,-0.013004,0.003432,0.006030
2023-06-09,2023-06-08,1,0.019526,0.009002,0.010524,0.006030,0.010145,-0.008602,0.001793
2023-06-12,2023-06-09,1,0.005219,0.004544,0.000675,0.001793,0.001556,0.003091,0.009031
2023-06-13,2023-06-12,1,0.017865,0.007218,0.010647,0.009031,0.015178,0.001864,0.006571
2023-06-14,2023-06-13,1,0.014545,0.009429,0.005116,0.006571,0.008241,0.004360,0.001190
2023-06-15,2023-06-14,1,-0.000505,-0.000261,-0.000245,0.001190,0.003909,-0.000856,0.012321
2023-06-16,2023-06-15,1,0.006566,-0.002582,0.009148,0.012321,0.011408,0.001284,-0.007120
2023-06-19,2023-06-16,1,-0.010008,0.001856,-0.011864,-0.007120,-0.006789,0.010990,
2023-06-21,2023-06-20,1,0.005562,-0.005655,0.011217,-0.005202,-0.001629,-0.003811,-0.005137
2023-06-22,2023-06-21,1,-0.009284,-0.004093,-0.005191,-0.005137,-0.012153,0.003106,0.003603
2023-06-23,2023-06-22,1,-0.014637,0.005799,-0.020436,0.003603,0.009465,0.008632,-0.007589
2023-06-26,2023-06-23,1,-0.002527,-0.004110,0.001583,-0.007589,-0.010183,0.003975,-0.004094
2023-06-27,2023-06-26,1,-0.004920,-0.002108,-0.002812,-0.004094,-0.011685,-0.001254,0.010904
2023-06-28,2023-06-27,1,0.019950,0.008249,0.011701,0.010904,0.016354,0.003964,0.000504
2023-06-29,2023-06-28,1,0.001209,0.003394,-0.002185,0.000504,0.002658,0.002703,0.003934
2023-06-30,2023-06-29,1,-0.001358,-0.005001,0.003643,0.003934,-0.000031,0.002144,0.011732
2023-07-03,2023-06-30,1,0.016859,0.009851,0.007008,0.011732,0.014361,-0.003113,0.001150
2023-07-04,2023-07-03,1,-0.009849,-0.007168,-0.002681,0.001150,0.002090,0.002353,
2023-07-06,2023-07-05,1,-0.017113,-0.008443,-0.008670,-0.001488,-0.001820,0.001314,-0.007861
2023-07-07,2023-07-06,1,-0.011805,-0.009885,-0.001919,-0.007861,-0.008199,-0.004018,-0.002528
2023-07-10,2023-07-07,1,-0.006153,0.000156,-0.006309,-0.002528,-0.001340,-0.013910,0.002528
2023-07-11,2023-07-10,1,0.000430,0.007580,-0.007151,0.002528,0.001811,-0.005364,0.006348
2023-07-12,2023-07-11,1,-0.008095,0.002372,-0.010467,0.006348,0.005481,-0.006674,0.008014
2023-07-13,2023-07-12,1,0.014773,0.005062,0.009710,0.008014,0.011435,-0.013411,0.007906
2023-07-14,2023-07-13,1,-0.000866,0.005186,-0.006052,0.007906,0.015655,-0.003399,-0.000623
2023-07-18,2023-07-17,2,0.003163,0.002033,0.001130,0.002843,0.007496,0.004914,0.007403
2023-07-19,2023-07-18,1,0.012300,0.009753,0.002547,0.007403,0.007601,0.000721,0.002221
2023-07-20,2023-07-19,1,-0.012404,-0.002821,-0.009582,0.002221,0.000305,0.006176,-0.006657
2023-07-21,2023-07-20,1,-0.005750,-0.004741,-0.001009,-0.006657,-0.020739,0.002860,0.000000
2023-07-24,2023-07-21,1,0.012205,0.010589,0.001616,0.000000,-0.002172,0.012205,0.004457
2023-07-25,2023-07-24,1,-0.000564,0.000136,-0.000700,0.004457,0.001856,-0.002471,0.002726
2023-07-26,2023-07-25,1,-0.000434,0.000687,-0.001120,0.002726,0.006076,-0.003825,0.000154
2023-07-27,2023-07-26,1,0.006798,-0.004438,0.011235,0.000154,-0.001222,-0.004909,-0.006652
2023-07-28,2023-07-27,1,-0.004019,-0.013675,0.009656,-0.006652,-0.005477,-0.005507,0.009743
2023-07-31,2023-07-28,1,0.012528,0.011219,0.001309,0.009743,0.018794,0.012189,0.001902
2023-08-01,2023-07-31,1,0.009133,0.003614,0.005520,0.001902,0.002049,0.007974,-0.002866
2023-08-02,2023-08-01,1,-0.023236,-0.010615,-0.012621,-0.002866,-0.004339,0.007283,-0.014008
2023-08-03,2023-08-02,1,-0.016909,-0.010197,-0.006712,-0.014008,-0.021975,0.000000,-0.002870
2023-08-04,2023-08-03,1,0.001040,-0.004370,0.005410,-0.002870,-0.000984,-0.005457,-0.004533
2023-08-07,2023-08-04,1,0.001918,-0.008468,0.010387,-0.004533,-0.004857,-0.005558,0.008691
2023-08-08,2023-08-07,1,0.003798,0.005443,-0.001645,0.008691,0.006104,0.005207,-0.004358
2023-08-09,2023-08-08,1,-0.005356,-0.000957,-0.004399,-0.004358,-0.007897,0.006157,-0.006708
2023-08-10,2023-08-09,1,0.008328,-0.005866,0.014194,-0.006708,-0.011759,0.002438,0.000359
2023-08-14,2023-08-11,2,-0.012823,-0.000521,-0.012301,-0.000224,-0.004404,0.008591,0.005505
2023-08-15,2023-08-14,1,0.005567,0.009704,-0.004137,0.005505,0.010460,0.003993,-0.011717
2023-08-16,2023-08-15,1,-0.014751,-0.008514,-0.006237,-0.011717,-0.011472,0.000206,-0.007365
2023-08-17,2023-08-16,1,-0.004443,-0.004570,0.000127,-0.007365,-0.011542,0.005344,-0.007649
2023-08-18,2023-08-17,1,-0.005556,-0.009682,0.004126,-0.007649,-0.011773,-0.003559,0.000481
2023-08-21,2023-08-18,1,0.003646,0.003241,0.000405,0.000481,-0.001966,-0.003159,0.006485
2023-08-22,2023-08-21,1,0.009179,0.007164,0.002014,0.006485,0.015441,0.005488,-0.002712
2023-08-23,2023-08-22,1,0.004808,-0.004367,0.009175,-0.002712,0.000613,-0.001986,0.011076
2023-08-24,2023-08-23,1,0.008615,0.003750,0.004865,0.011076,0.015805,-0.007224,-0.013956
2023-08-25,2023-08-24,1,-0.020746,-0.013919,-0.006827,-0.013956,-0.018912,0.007155,0.007025
2023-08-28,2023-08-25,1,0.017109,0.009172,0.007937,0.007025,0.009365,0.003695,0.006321
2023-08-29,2023-08-28,1,0.001770,0.003431,-0.001662,0.006321,0.008388,0.000888,0.014351
2023-08-30,2023-08-29,1,0.003299,0.006371,-0.003072,0.014351,0.017262,-0.004583,0.004110
2023-08-31,2023-08-30,1,0.008803,0.000852,0.007951,0.004110,0.005404,0.002533,-0.001464
2023-09-01,2023-08-31,1,0.002794,-0.003015,0.005809,-0.001464,0.001116,-0.004867,0.001863
2023-09-04,2023-09-01,1,0.006963,0.002647,0.004316,0.001863,-0.000224,0.004798,
2023-09-06,2023-09-05,1,0.006164,0.002367,0.003796,-0.004331,-0.000775,0.008499,-0.006745
2023-09-07,2023-09-06,1,-0.007547,-0.003691,-0.003856,-0.006745,-0.010646,-0.000406,-0.003075
2023-09-08,2023-09-07,1,-0.011715,-0.002271,-0.009444,-0.003075,-0.008953,-0.002441,0.001505
2023-09-11,2023-09-08,1,-0.004274,0.002564,-0.006838,0.001505,0.000923,0.003524,0.006555
2023-09-12,2023-09-11,1,0.009460,0.004959,0.004501,0.006555,0.011298,-0.008356,-0.005501
2023-09-13,2023-09-12,1,-0.002133,-0.001040,-0.001093,-0.005501,-0.010420,0.003405,0.001165
2023-09-14,2023-09-13,1,0.014014,0.006674,0.007340,0.001165,0.002897,0.002512,0.008585
2023-09-15,2023-09-14,1,0.010944,0.007818,0.003126,0.008585,0.008109,0.000136,-0.015643
2023-09-19,2023-09-18,2,-0.008701,-0.007089,-0.001612,-0.015056,-0.015618,0.000881,-0.002076
2023-09-20,2023-09-19,1,-0.006604,0.000564,-0.007168,-0.002076,-0.002340,0.001760,-0.009236
2023-09-21,2023-09-20,1,-0.013805,-0.004803,-0.009002,-0.009236,-0.015402,0.003174,-0.016666
2023-09-22,2023-09-21,1,-0.005190,-0.011789,0.006598,-0.016666,-0.018368,-0.005069,-0.002251
2023-09-25,2023-09-22,1,0.008488,0.003538,0.004950,-0.002251,-0.000921,0.005339,0.004196
2023-09-26,2023-09-25,1,-0.011188,-0.001181,-0.010007,0.004196,0.004494,0.003431,-0.014800
2023-09-27,2023-09-26,1,0.001758,-0.009067,0.010825,-0.014800,-0.015775,0.001141,0.000399
2023-09-28,2023-09-27,1,-0.015547,-0.007831,-0.007715,0.000399,0.002236,0.003884,0.005781
2023-09-29,2023-09-28,1,-0.000468,0.004574,-0.005042,0.005781,0.008248,-0.002275,-0.002430
2023-10-02,2023-09-29,1,-0.003073,0.007641,-0.010714,-0.002430,0.001366,0.000402,-0.000398
2023-10-03,2023-10-02,1,-0.016570,-0.004795,-0.011776,-0.000398,0.006669,0.003342,-0.013476
2023-10-04,2023-10-03,1,-0.023026,-0.015255,-0.007771,-0.013476,-0.018835,-0.005554,0.007256
2023-10-05,2023-10-04,1,0.017808,0.006751,0.011057,0.007256,0.013428,0.000671,-0.000377
2023-10-06,2023-10-05,1,-0.002600,-0.002301,-0.000299,-0.000377,-0.001223,-0.004166,0.011803
2023-10-10,2023-10-09,2,0.023968,0.010271,0.013697,0.018185,0.019804,0.000000,0.005191
2023-10-11,2023-10-10,1,0.005966,0.003163,0.002804,0.005191,0.005812,0.001346,0.004088
2023-10-12,2023-10-11,1,0.017326,0.005758,0.011568,0.004088,0.007115,0.003022,-0.006115
2023-10-13,2023-10-12,1,-0.005514,-0.005130,-0.000384,-0.006115,-0.006276,0.004349,-0.004993
2023-10-16,2023-10-13,1,-0.020539,-0.010356,-0.010182,-0.004993,-0.012378,-0.001670,0.010466
2023-10-17,2023-10-16,1,0.011971,0.012704,-0.000733,0.010466,0.011918,-0.000334,-0.000046
2023-10-18,2023-10-17,1,0.000061,-0.000202,0.000263,-0.000046,-0.002526,0.002005,-0.013415
2023-10-19,2023-10-18,1,-0.019273,-0.014546,-0.004727,-0.013415,-0.016348,0.000801,-0.008825
2023-10-20,2023-10-19,1,-0.005464,-0.008490,0.003027,-0.008825,-0.009670,-0.000934,-0.012364
2023-10-23,2023-10-20,1,-0.008346,-0.003441,-0.004905,-0.012364,-0.015465,0.000401,-0.001735
2023-10-24,2023-10-23,1,0.002024,0.005067,-0.003043,-0.001735,0.002655,-0.000935,0.007511
2023-10-25,2023-10-24,1,0.006660,0.007702,-0.001042,0.007511,0.009294,0.001402,-0.014456
2023-10-26,2023-10-25,1,-0.021598,-0.011806,-0.009793,-0.014456,-0.024550,0.001999,-0.012047
2023-10-27,2023-10-26,1,0.012661,0.003654,0.009007,-0.012047,-0.017753,0.001131,-0.004543
2023-10-30,2023-10-27,1,-0.009555,-0.010647,0.001091,-0.004543,0.003756,-0.005200,0.011885
2023-10-31,2023-10-30,1,0.005260,-0.000065,0.005325,0.011885,0.011518,-0.003348,0.006261
2023-11-01,2023-10-31,1,0.023786,0.014553,0.009233,0.006261,0.004817,0.017090,0.010608
2023-11-02,2023-11-01,1,0.010959,0.012121,-0.001161,0.010608,0.016226,-0.004758,0.018983
2023-11-06,2023-11-03,2,0.023466,0.015557,0.007909,0.028065,0.031413,-0.010522,0.002298
2023-11-07,2023-11-06,1,-0.013440,-0.004803,-0.008637,0.002298,0.003000,0.004675,0.002842
2023-11-08,2023-11-07,1,-0.003269,0.005729,-0.008998,0.002842,0.008917,0.001798,0.000732
2023-11-09,2023-11-08,1,0.014812,0.004650,0.010162,0.000732,0.000773,0.004182,-0.007829
2023-11-10,2023-11-09,1,-0.002403,-0.004766,0.002363,-0.007829,-0.009492,0.002448,0.015484
2023-11-13,2023-11-10,1,0.000522,0.007648,-0.007126,0.015484,0.020254,0.001057,-0.000954
2023-11-14,2023-11-13,1,0.003395,0.005368,-0.001973,-0.000954,-0.002203,0.001385,0.019215
2023-11-15,2023-11-14,1,0.024883,0.012655,0.012228,0.019215,0.023448,-0.008805,0.002115
2023-11-16,2023-11-15,1,-0.002847,-0.003590,0.000743,0.002115,0.000671,0.006430,0.001222
2023-11-17,2023-11-16,1,0.004799,-0.002383,0.007182,0.001222,0.000697,-0.004238,0.001243
2023-11-20,2023-11-17,1,-0.005888,-0.000762,-0.005126,0.001243,0.000836,-0.007259,0.007668
2023-11-21,2023-11-20,1,-0.001016,0.001949,-0.002964,0.007668,0.011197,-0.008457,-0.002182
2023-11-22,2023-11-21,1,0.002925,-0.005145,0.008069,-0.002182,-0.005937,0.000202,0.003853
2023-11-24,2023-11-22,1,0.005179,0.008935,-0.003756,0.003853,0.004629,0.007854,0.000615
2023-11-27,2023-11-24,1,-0.005303,0.002510,-0.007813,0.000615,-0.001052,-0.000803,-0.001803
2023-11-28,2023-11-27,1,-0.001175,0.002172,-0.003347,-0.001803,-0.000691,-0.005166,0.000990
2023-11-29,2023-11-28,1,-0.002613,-0.004920,0.002307,0.000990,0.002857,-0.008037,-0.000704
2023-11-30,2023-11-29,1,0.004960,-0.001835,0.006794,-0.000704,-0.001631,-0.001629,0.003930
2023-12-01,2023-11-30,1,-0.001655,0.001508,-0.003164,0.003930,-0.002266,0.006431,0.005898
2023-12-04,2023-12-01,1,-0.006008,-0.003399,-0.002609,0.005898,0.005524,-0.009356,-0.005263
2023-12-05,2023-12-04,1,-0.013800,-0.006306,-0.007494,-0.005263,-0.008392,0.002653,-0.000197
2023-12-06,2023-12-05,1,0.020238,0.004660,0.015578,-0.000197,0.003126,-0.000340,-0.004038
2023-12-07,2023-12-06,1,-0.017725,-0.008412,-0.009312,-0.004038,-0.005864,0.001087,0.007601
2023-12-08,2023-12-07,1,-0.016894,-0.007878,-0.009016,0.007601,0.013570,-0.021893,0.004290
2023-12-11,2023-12-08,1,0.014868,0.010996,0.003872,0.004290,0.004452,0.005605,0.003882
2023-12-12,2023-12-11,1,0.001581,0.009586,-0.008004,0.003882,0.001978,0.008451,0.004557
2023-12-13,2023-12-12,1,0.002513,0.003943,-0.001430,0.004557,0.006968,-0.005007,0.013696
2023-12-14,2023-12-13,1,-0.007319,0.003213,-0.010531,0.013696,0.013706,-0.017690,0.003204
2023-12-15,2023-12-14,1,0.008660,0.002271,0.006389,0.003204,0.001871,-0.007094,-0.005694
2023-12-18,2023-12-15,1,-0.006438,-0.006125,-0.000313,-0.005694,0.003541,0.001972,0.005609
2023-12-19,2023-12-18,1,0.013957,0.000465,0.013492,0.005609,0.006142,0.004142,0.006062
2023-12-20,2023-12-19,1,0.013650,0.007436,0.006214,0.006062,0.006555,0.007538,-0.013954
2023-12-21,2023-12-20,1,-0.016028,-0.011923,-0.004106,-0.013954,-0.015129,-0.001809,0.009437
2023-12-22,2023-12-21,1,0.000862,0.003539,-0.002677,0.009437,0.012503,-0.010222,0.002008
2023-12-25,2023-12-22,1,0.002559,0.007373,-0.004814,0.002008,0.001943,0.002179,
2023-12-27,2023-12-26,1,0.011208,0.006796,0.004412,0.004214,0.005428,0.000281,0.001806
2023-12-28,2023-12-27,1,-0.004214,-0.006068,0.001855,0.001806,0.001631,-0.003870,0.000378
2023-12-29,2023-12-28,1,-0.002252,-0.002417,0.000165,0.000378,-0.000268,-0.003107,-0.002899
2024-01-04,2024-01-03,3,-0.005270,-0.008135,0.002865,-0.016711,-0.033885,0.013349,-0.003226
2024-01-05,2024-01-04,1,0.002674,0.003276,-0.000602,-0.003226,-0.005629,0.009239,0.001369
2024-01-09,2024-01-08,2,0.011491,0.009762,0.001730,0.015544,0.022722,-0.002770,-0.001518
2024-01-10,2024-01-09,1,0.019898,0.003936,0.015962,-0.001518,0.000939,0.001732,0.005639
2024-01-11,2024-01-10,1,0.017503,0.012396,0.005107,0.005639,0.007506,0.008684,-0.000441
2024-01-12,2024-01-11,1,0.014931,0.015620,-0.000690,-0.000441,0.000035,-0.003093,0.000692
2024-01-15,2024-01-12,1,0.009085,0.001601,0.007484,0.000692,0.000172,-0.002619,
2024-01-17,2024-01-16,1,-0.003979,0.006464,-0.010443,-0.003678,-0.001899,0.009901,-0.005574
2024-01-18,2024-01-17,1,-0.000326,-0.003006,0.002680,-0.005574,-0.005955,0.006569,0.008853
2024-01-19,2024-01-18,1,0.013919,0.012540,0.001379,0.008853,0.013375,0.000000,0.012389
2024-01-22,2024-01-19,1,0.016100,0.009157,0.006943,0.012389,0.016816,-0.000068,0.002112
2024-01-23,2024-01-22,1,-0.000804,0.001595,-0.002400,0.002112,0.003216,-0.000338,0.002912
2024-01-24,2024-01-23,1,-0.008003,-0.002795,-0.005209,0.002912,0.004265,0.001822,0.001093
2024-01-25,2024-01-24,1,0.000276,-0.000368,0.000644,0.001093,0.003622,-0.005814,0.005424
2024-01-26,2024-01-25,1,-0.013486,-0.006464,-0.007022,0.005424,0.001844,0.001016,-0.001271
2024-01-29,2024-01-26,1,0.007687,0.001767,0.005920,-0.001271,-0.003561,0.003448,0.007888
2024-01-30,2024-01-29,1,0.001080,0.004699,-0.003620,0.007888,0.011111,-0.004532,-0.000774
2024-01-31,2024-01-30,1,0.006105,-0.008855,0.014960,-0.000774,-0.007588,0.000746,-0.016452
2024-02-01,2024-01-31,1,-0.007614,-0.007695,0.000081,-0.016452,-0.022554,-0.004890,0.013003
2024-02-02,2024-02-01,1,0.004062,0.006602,-0.002540,0.013003,0.012949,-0.003137,0.010472
2024-02-05,2024-02-02,1,0.005410,0.007201,-0.001791,0.010472,0.017251,0.013230,-0.003648
2024-02-06,2024-02-05,1,-0.005337,-0.002895,-0.002442,-0.003648,-0.002003,0.002020,0.002899
2024-02-07,2024-02-06,1,-0.001127,-0.004370,0.003243,0.002899,0.000725,-0.004922,0.008306
2024-02-08,2024-02-07,1,0.020371,0.003839,0.016533,0.008306,0.009414,0.001621,0.000442
2024-02-09,2024-02-08,1,0.000926,0.001414,-0.000488,0.000442,0.002350,0.007597,0.005763
2024-02-13,2024-02-12,2,0.028496,0.009466,0.019030,0.005324,0.009379,0.000201,-0.013869
2024-02-14,2024-02-13,1,-0.006889,-0.006636,-0.000253,-0.013869,-0.018162,0.009663,0.009047
2024-02-15,2024-02-14,1,0.011986,0.008307,0.003679,0.009047,0.012918,-0.001593,0.006876
2024-02-16,2024-02-15,1,0.008593,0.009375,-0.000783,0.006876,0.002960,-0.004260,-0.004992
2024-02-19,2024-02-16,1,-0.000438,-0.000359,-0.000079,-0.004992,-0.008239,0.001999,
2024-02-21,2024-02-20,1,-0.002648,-0.004484,0.001836,-0.005521,-0.009226,-0.000800,0.000905
2024-02-22,2024-02-21,1,0.021627,0.006406,0.015221,0.000905,-0.003198,0.001932,0.020484
2024-02-26,2024-02-23,2,0.003448,0.005661,-0.002213,0.021174,0.026346,0.001463,-0.003669
2024-02-27,2024-02-26,1,0.000148,0.000690,-0.000542,-0.003669,-0.001287,0.001262,0.001856
2024-02-28,2024-02-27,1,-0.000803,-0.001283,0.000480,0.001856,0.003689,-0.001262,-0.001323
2024-02-29,2024-02-28,1,-0.001068,-0.006974,0.005907,-0.001323,-0.005475,0.001129,0.003588
2024-03-01,2024-02-29,1,0.018834,0.002257,0.016577,0.003588,0.009000,-0.004590,0.009344
2024-03-04,2024-03-01,1,0.004959,0.007263,-0.002304,0.009344,0.011309,0.000866,-0.001073
2024-03-05,2024-03-04,1,-0.000289,-0.005688,0.005399,-0.001073,-0.004152,0.002661,-0.010044
2024-03-06,2024-03-05,1,-0.000171,-0.007642,0.007471,-0.010044,-0.016669,-0.003128,0.005054
2024-03-07,2024-03-06,1,-0.012350,0.005976,-0.018325,0.005054,0.005752,-0.004475,0.009877
2024-03-08,2024-03-07,1,0.002276,0.005311,-0.003035,0.009877,0.014973,-0.009011,-0.006020
2024-03-11,2024-03-08,1,-0.022124,-0.011576,-0.010548,-0.006020,-0.011637,-0.006506,-0.000860
2024-03-12,2024-03-11,1,-0.000592,-0.009059,0.008467,-0.000860,-0.004102,-0.000884,0.010700
2024-03-13,2024-03-12,1,-0.002621,0.006742,-0.009362,0.010700,0.015263,0.005023,-0.001569
2024-03-14,2024-03-13,1,0.002875,-0.002697,0.005572,-0.001569,-0.005417,0.000406,-0.001979
2024-03-15,2024-03-14,1,-0.002573,-0.006702,0.004129,-0.001979,-0.003048,0.003918,-0.009993
2024-03-18,2024-03-15,1,0.026332,0.006524,0.019808,-0.009993,-0.009679,0.004708,0.005926
2024-03-19,2024-03-18,1,0.006600,-0.002970,0.009570,0.005926,0.008123,0.000805,0.005542
2024-03-21,2024-03-20,2,0.020096,0.012618,0.007479,0.014749,0.016381,0.014049,0.003299
2024-03-22,2024-03-21,1,0.001781,0.003112,-0.001331,0.003299,0.001979,0.002377,-0.001898
2024-03-25,2024-03-22,1,-0.011668,-0.002191,-0.009477,-0.001898,0.001644,-0.001254,-0.002767
2024-03-26,2024-03-25,1,-0.000398,-0.001711,0.001313,-0.002767,-0.002703,-0.000066,-0.001849
2024-03-27,2024-03-26,1,0.008987,0.002945,0.006042,-0.001849,-0.004206,0.000924,0.008369
2024-03-28,2024-03-27,1,-0.014696,-0.010811,-0.003885,0.008369,0.005124,-0.001519,-0.000191
2024-03-29,2024-03-28,1,0.005001,0.002719,0.002281,-0.000191,-0.001224,0.000330,
2024-04-02,2024-04-01,1,0.000900,0.002246,-0.001347,-0.001741,0.001060,0.002113,-0.006378
2024-04-03,2024-04-02,1,-0.009763,-0.008449,-0.001314,-0.006378,-0.009583,-0.000528,0.001098
2024-04-04,2024-04-03,1,0.008111,0.012005,-0.003894,0.001098,0.002276,0.000857,-0.012281
2024-04-05,2024-04-04,1,-0.019833,-0.013562,-0.006272,-0.012281,-0.014130,-0.002310,0.010393
2024-04-08,2024-04-05,1,0.009062,0.010204,-0.001141,0.010393,0.012350,0.001849,0.000559
2024-04-09,2024-04-08,1,0.010771,0.003803,0.006968,0.000559,0.000335,0.001187,0.001156
2024-04-10,2024-04-09,1,-0.004822,-0.004809,-0.000013,0.001156,0.003236,-0.000132,-0.010064
2024-04-11,2024-04-10,1,-0.003522,-0.012486,0.008963,-0.010064,-0.008392,0.009182,0.007519
2024-04-12,2024-04-11,1,0.002049,0.007058,-0.005009,0.007519,0.016671,0.000653,-0.013899
2024-04-15,2024-04-12,1,-0.007384,-0.011876,0.004493,-0.013899,-0.016379,0.000065,-0.012607
2024-04-16,2024-04-15,1,-0.019603,-0.012365,-0.007238,-0.012607,-0.018096,0.006438,-0.001825
2024-04-17,2024-04-16,1,-0.013330,0.003018,-0.016347,-0.001825,-0.001245,0.002848,-0.005936
2024-04-18,2024-04-17,1,0.003101,-0.005726,0.008827,-0.005936,-0.011530,-0.002135,-0.002060
2024-04-19,2024-04-18,1,-0.026918,-0.009372,-0.017545,-0.002060,-0.005234,0.001618,-0.008767
2024-04-22,2024-04-19,1,0.009939,0.004645,0.005294,-0.008767,-0.020691,0.000000,0.009167
2024-04-23,2024-04-22,1,0.003028,0.009529,-0.006500,0.009167,0.011017,0.001357,0.011797
2024-04-24,2024-04-23,1,0.023890,0.008479,0.015411,0.011797,0.015754,-0.000129,-0.000475
2024-04-25,2024-04-24,1,-0.021860,-0.010302,-0.011558,-0.000475,0.001026,0.003353,-0.003806
2024-04-26,2024-04-25,1,0.008107,0.002578,0.005529,-0.003806,-0.006448,0.001994,0.009429
2024-04-30,2024-04-29,2,0.012337,0.009913,0.002424,0.012965,0.023506,0.004359,-0.015968
2024-05-01,2024-04-30,1,-0.003433,-0.007797,0.004364,-0.015968,-0.020560,0.009359,-0.003252
2024-05-02,2024-05-01,1,-0.000993,-0.007080,0.006088,-0.003252,-0.003348,-0.021329,0.009310
2024-05-07,2024-05-06,3,0.015545,0.010411,0.005134,0.031903,0.046560,-0.003827,0.001103
2024-05-08,2024-05-07,1,-0.016427,-0.004065,-0.012362,0.001103,-0.001022,0.005250,0.000097
2024-05-09,2024-05-08,1,-0.003366,0.001061,-0.004427,0.000097,-0.001826,0.005094,0.005745
2024-05-10,2024-05-09,1,0.004066,0.007531,-0.003465,0.005745,0.002665,-0.000129,0.001287
2024-05-13,2024-05-10,1,-0.001300,-0.000458,-0.000842,0.001287,-0.000330,0.001671,0.000134
2024-05-14,2024-05-13,1,0.004615,0.002839,0.001776,0.000134,0.002895,0.003078,0.004578
2024-05-15,2024-05-14,1,0.000773,0.004605,-0.003832,0.004578,0.007474,0.001407,0.012307
2024-05-16,2024-05-15,1,0.013829,0.006756,0.007073,0.012307,0.013906,-0.009959,-0.002060
2024-05-17,2024-05-16,1,-0.003420,-0.009272,0.005852,-0.002060,-0.002636,0.003288,0.001437
2024-05-20,2024-05-17,1,0.007252,-0.000662,0.007914,0.001437,-0.000740,0.001736,0.001151
2024-05-21,2024-05-20,1,-0.003147,0.004150,-0.007297,0.001151,0.006505,0.003783,0.002450
2024-05-22,2024-05-21,1,-0.008505,-0.003164,-0.005341,0.002450,0.002245,-0.000576,-0.002883
2024-05-23,2024-05-22,1,0.012510,0.004806,0.007704,-0.002883,-0.001848,0.003963,-0.007331
2024-05-24,2024-05-23,1,-0.011759,-0.015390,0.003631,-0.007331,-0.003907,0.001020,0.006595
2024-05-27,2024-05-24,1,0.006549,0.003103,0.003446,0.006595,0.010979,0.000382,
2024-05-29,2024-05-28,1,-0.007712,0.000647,-0.008359,0.000699,0.005839,0.001911,-0.007027
2024-05-30,2024-05-29,1,-0.013125,-0.011585,-0.001540,-0.007027,-0.005851,0.002796,-0.006656
2024-05-31,2024-05-30,1,0.011334,0.003125,0.008210,-0.006656,-0.010904,-0.005025,0.009067
2024-06-03,2024-05-31,1,0.011242,0.006398,0.004844,0.009067,-0.000123,0.003183,0.000815
2024-06-04,2024-06-03,1,-0.002201,-0.005681,0.003480,0.000815,0.005580,-0.007722,0.001117
2024-06-05,2024-06-04,1,-0.008982,-0.004733,-0.004250,0.001117,0.001685,-0.007911,0.011815
2024-06-06,2024-06-05,1,0.005527,0.009090,-0.003563,0.011815,0.019437,0.007911,-0.000019
2024-06-07,2024-06-06,1,-0.000506,-0.002741,0.002235,-0.000019,-0.000860,-0.003208,-0.001216
2024-06-10,2024-06-07,1,0.009115,0.000151,0.008964,-0.001216,-0.002331,0.007045,0.003085
2024-06-11,2024-06-10,1,0.002472,0.003514,-0.001042,0.003085,0.003461,0.002040,0.002405
2024-06-12,2024-06-11,1,-0.006616,-0.006914,0.000297,0.002405,0.008746,0.000318,0.008179
2024-06-13,2024-06-12,1,-0.004027,0.007824,-0.011851,0.008179,0.015158,-0.002295,0.002011
2024-06-14,2024-06-13,1,0.002427,-0.003438,0.005865,0.002011,0.003352,0.001976,0.000608
2024-06-17,2024-06-14,1,-0.018517,-0.009671,-0.008846,0.000608,0.001206,0.002227,0.007927
2024-06-18,2024-06-17,1,0.009915,0.008651,0.001265,0.007927,0.009461,0.002158,0.002537
2024-06-19,2024-06-18,1,0.002301,0.004454,-0.002153,0.002537,0.000292,0.000887,
2024-06-21,2024-06-20,1,-0.000947,-0.000631,-0.000316,-0.002720,-0.007905,0.005174,-0.004562
2024-06-24,2024-06-21,1,0.005379,-0.002570,0.007949,-0.004562,-0.001820,0.005585,-0.003256
2024-06-25,2024-06-24,1,0.009451,0.000753,0.008698,-0.003256,-0.010944,-0.001252,0.003843
2024-06-26,2024-06-25,1,0.012530,0.004879,0.007651,0.003843,0.012542,0.000626,0.001247
2024-06-27,2024-06-26,1,-0.008240,-0.005881,-0.002359,0.001247,0.004927,0.006865,0.001575
2024-06-28,2024-06-27,1,0.006121,0.006372,-0.000251,0.001575,0.003001,-0.000311,-0.003943
2024-07-01,2024-06-28,1,0.001211,0.006465,-0.005254,-0.003943,-0.007085,0.000560,0.002056
2024-07-02,2024-07-01,1,0.011132,-0.002209,0.013341,0.002056,0.008239,0.003848,0.006707
2024-07-03,2024-07-02,1,0.012549,0.003764,0.008785,0.006707,0.008325,-0.000062,0.004453
2024-07-04,2024-07-03,1,0.008170,0.004103,0.004067,0.004453,0.008810,0.001486,
2024-07-08,2024-07-05,1,-0.003224,-0.001204,-0.002020,0.005750,0.009001,-0.003292,0.001153
2024-07-09,2024-07-08,1,0.019414,0.004226,0.015188,0.001153,0.002774,0.000560,0.000972
2024-07-10,2024-07-09,1,0.006038,-0.003272,0.009310,0.000972,0.001387,0.003104,0.009847
2024-07-11,2024-07-10,1,0.009328,0.012159,-0.002831,0.009847,0.011768,0.002229,-0.008660
2024-07-12,2024-07-11,1,-0.024777,-0.013235,-0.011542,-0.008660,-0.019715,-0.017912,0.006288
2024-07-16,2024-07-15,2,0.002047,0.004266,-0.002219,0.009034,0.010293,-0.004987,0.005913
2024-07-17,2024-07-16,1,-0.004307,0.003413,-0.007720,0.005913,0.001989,0.002086,-0.014120
2024-07-18,2024-07-17,1,-0.023919,-0.014114,-0.009805,-0.014120,-0.028074,-0.013863,-0.007715
2024-07-19,2024-07-18,1,-0.001560,-0.004006,0.002446,-0.007715,-0.007010,0.007719,-0.006663
2024-07-22,2024-07-19,1,-0.011669,-0.002896,-0.008773,-0.006663,-0.008106,0.000762,0.010257
2024-07-23,2024-07-22,1,-0.000116,0.006672,-0.006788,0.010257,0.015707,-0.003116,-0.001570
2024-07-24,2024-07-23,1,-0.011163,-0.006528,-0.004635,-0.001570,-0.000568,-0.009086,-0.022923
2024-07-25,2024-07-24,1,-0.033378,-0.016238,-0.017140,-0.022923,-0.037070,-0.011052,-0.005224
2024-07-26,2024-07-25,1,-0.005351,-0.002026,-0.003325,-0.005224,-0.009309,0.000390,0.011137
2024-07-29,2024-07-26,1,0.021048,0.012445,0.008603,0.011137,0.010201,-0.001365,0.000588
2024-07-30,2024-07-29,1,0.001489,-0.005926,0.007415,0.000588,0.000710,0.001885,-0.005079
2024-07-31,2024-07-30,1,0.014837,-0.010048,0.024885,-0.005079,-0.012908,-0.008149,0.016124
2024-08-01,2024-07-31,1,-0.025264,-0.008224,-0.017040,0.016124,0.026017,-0.018366,-0.014262
2024-08-02,2024-08-01,1,-0.059898,-0.018054,-0.041844,-0.014262,-0.023296,-0.004142,-0.018794
2024-08-05,2024-08-02,1,-0.132341,-0.018560,-0.113781,-0.018794,-0.024610,-0.019061,-0.029556
2024-08-06,2024-08-05,1,0.097366,0.019483,0.077883,-0.029556,-0.034943,-0.016305,0.009177
2024-08-07,2024-08-06,1,0.011873,-0.016080,0.027953,0.009177,0.010242,0.000901,-0.006706
2024-08-08,2024-08-07,1,-0.007393,-0.012729,0.005336,-0.006706,-0.010506,0.016427,0.022854
2024-08-09,2024-08-08,1,0.005550,0.012587,-0.007037,0.022854,0.028259,0.004014,0.004400
2024-08-13,2024-08-12,2,0.033895,0.013205,0.020689,0.004925,0.007212,-0.000611,0.016312
2024-08-14,2024-08-13,1,0.005777,0.008330,-0.002553,0.016312,0.023965,-0.002517,0.003150
2024-08-15,2024-08-14,1,0.007769,-0.001676,0.009445,0.003150,0.000290,0.003332,0.016995
2024-08-16,2024-08-15,1,0.035732,0.015623,0.020109,0.016995,0.023107,0.013218,0.002240
2024-08-19,2024-08-16,1,-0.017868,-0.005240,-0.012628,0.002240,0.002113,-0.011386,0.009516
2024-08-20,2024-08-19,1,0.017874,0.012208,0.005666,0.009516,0.013803,-0.006867,-0.001627
2024-08-21,2024-08-20,1,-0.002924,-0.010819,0.007895,-0.001627,-0.003352,-0.009047,0.003431
2024-08-22,2024-08-21,1,0.006807,0.002158,0.004649,0.003431,0.005711,0.000069,-0.007879
2024-08-23,2024-08-22,1,0.004003,0.001756,0.002247,-0.007879,-0.016863,0.006861,0.010569
2024-08-26,2024-08-23,1,-0.006644,-0.005433,-0.001211,0.010569,0.014561,-0.013006,-0.002387
2024-08-27,2024-08-26,1,0.004670,-0.001153,0.005823,-0.002387,-0.008540,0.001038,0.001372
2024-08-28,2024-08-27,1,0.002169,-0.001758,0.003927,0.001372,0.001638,-0.003952,-0.005822
2024-08-29,2024-08-28,1,-0.000241,-0.006584,0.006343,-0.005822,-0.011260,0.004298,0.000090
2024-08-30,2024-08-29,1,0.007407,0.000665,0.006743,0.000090,-0.002258,0.002832,0.009501
2024-09-02,2024-08-30,1,0.001374,0.009722,-0.008348,0.009501,0.011195,0.008106,
2024-09-04,2024-09-03,1,-0.043282,-0.016850,-0.026432,-0.020794,-0.033135,-0.009782,-0.002049
2024-09-05,2024-09-04,1,-0.010597,-0.013899,0.003302,-0.002049,-0.003039,-0.012033,-0.002435
2024-09-06,2024-09-05,1,-0.007272,0.004299,-0.011571,-0.002435,0.002535,-0.002020,-0.016973
2024-09-09,2024-09-06,1,-0.004840,-0.016224,0.011384,-0.016973,-0.025835,-0.008190,0.011134
2024-09-10,2024-09-09,1,-0.001564,0.004693,-0.006257,0.011134,0.011542,0.006306,0.004346
2024-09-11,2024-09-10,1,-0.015029,-0.003581,-0.011448,0.004346,0.008333,-0.005182,0.010207
2024-09-12,2024-09-11,1,0.033501,0.015761,0.017740,0.010207,0.021479,-0.000562,0.008388
2024-09-13,2024-09-12,1,-0.006852,0.001333,-0.008185,0.008388,0.009961,-0.003942,0.005209
2024-09-17,2024-09-16,2,-0.010402,0.000551,-0.010953,0.006685,0.001277,-0.008428,0.000409
2024-09-18,2024-09-17,1,0.004876,0.009425,-0.004549,0.000409,0.002040,0.012721,-0.002970
2024-09-19,2024-09-18,1,0.021083,0.015783,0.005300,-0.002970,-0.003111,-0.000913,0.016920
2024-09-20,2024-09-19,1,0.015187,0.014926,0.000261,0.016920,0.024767,0.002457,-0.004793
2024-09-24,2024-09-23,2,0.005727,0.011791,-0.006064,-0.002297,-0.002207,0.006848,0.002857
2024-09-25,2024-09-24,1,-0.001855,0.000178,-0.002034,0.002857,0.005562,-0.002720,-0.002208
2024-09-26,2024-09-25,1,0.027487,0.010416,0.017070,-0.002208,0.000425,0.010696,0.003957
2024-09-27,2024-09-26,1,0.022956,0.004681,0.018275,0.003957,0.005959,0.000345,-0.001451
2024-09-30,2024-09-27,1,-0.049143,-0.018031,-0.031112,-0.001451,-0.003894,-0.018189,0.003999
2024-10-01,2024-09-30,1,0.019131,0.008218,0.010913,0.003999,0.003833,0.010007,-0.008999
2024-10-02,2024-10-01,1,-0.022057,-0.013434,-0.008623,-0.008999,-0.015447,-0.000418,0.000422
2024-10-03,2024-10-02,1,0.019469,0.017055,0.002413,0.000422,0.000824,0.019999,-0.001830
2024-10-04,2024-10-03,1,0.002165,0.001106,0.001059,-0.001830,-0.000370,0.003136,0.009046
2024-10-07,2024-10-04,1,0.017883,0.015520,0.002363,0.009046,0.012168,0.012110,-0.009082
2024-10-08,2024-10-07,1,-0.010098,-0.007954,-0.002144,-0.009082,-0.011866,-0.003570,0.009413
2024-10-09,2024-10-08,1,0.008705,0.011439,-0.002734,0.009413,0.014348,0.000067,0.006903
2024-10-10,2024-10-09,1,0.002617,0.007554,-0.004937,0.006903,0.005960,0.007395,-0.001752
2024-10-11,2024-10-10,1,0.005695,0.006479,-0.000784,-0.001752,-0.000523,-0.004902,0.005970
2024-10-15,2024-10-14,2,0.007665,0.011082,-0.003417,0.014115,0.011996,0.007978,-0.007800
